,scan_name,scan_no,Telescope,Source_Name,Obs_Date_String,MJD_start_time,RA_J2000,RA_J2000_(deg),Dec_J2000,Dec_J2000_(deg),Tracking?,Azimuth_(deg),Zenith_Ang_(deg),Number_of_polns,Sample_time_(us),Central_freq_(MHz),Low_channel_(MHz),High_channel_(MHz),Channel_width_(MHz),Number_of_channels,Total_Bandwidth_(MHz),Beam,Beam_FWHM_(deg),Spectra_per_subint,Spectra_per_file,Time_per_subint_(sec),Time_per_file_(sec),bits_per_sample,bytes_per_spectra,samples_per_spectra,bytes_per_subint,samples_per_subint,zero_offset,Invert_the_band?,bytes_in_file_header,MJD_end_time,complete_filename
269,dwi_FRB20240114A_P_Band_2024_02_06_10_08_06_270,no0001,dw,FRB20240114A,2024-02-06T09:08:16,60346.380740740744,21:27:40.9995,321.920831130878,04:21:01.8003,4.35050009089702,True,-51.59887,59.85872,2_(summed),192.0,410.0625,400.125,1400,0.125,160,20,1_of_1,0.503,2400,933361,0.4608,179.205312,32,640,160,1536000,384000,0,False,327,60346.3828148763,FRB20240114A_P_Band_2024_02_06_10_08_06.txt
270,dwi_FRB20240114A_P_Band_2024_02_06_10_12_49_271,no0001,dw,FRB20240114A,2024-02-06T09:12:59,60346.38401620371,21:27:40.8028,321.920011508177,04:21:00.1006,4.35002795407065,True,-50.39034,59.30399,2_(summed),192.0,410.0625,400.125,1400,0.125,160,20,1_of_1,0.503,2400,1193557,0.4608,229.162944,32,640,160,1536000,384000,0,False,327,60346.3866685526,FRB20240114A_P_Band_2024_02_06_10_12_49.txt
271,dwi_FRB20240114A_P_Band_2024_02_06_10_17_37_272,no0001,dw,FRB20240114A,2024-02-06T09:17:48,60346.38736111111,21:27:40.8028,321.920011508177,04:21:00.6001,4.35016669228816,True,-49.14407,58.7474,2_(summed),192.0,410.0625,400.125,1400,0.125,160,20,1_of_1,0.503,2400,3125000,0.4608,600.0,32,640,160,1536000,384000,0,False,327,60346.39430555556,FRB20240114A_P_Band_2024_02_06_10_17_37.txt
0,dwi_FRB20240114A_L1_Band_2024_02_06_10_18_44_1,no0001,dw,FRB20240114A,2024-02-06T09:18:45,60346.38802083333,21:27:40.8028,321.920011508177,04:21:00.0007,4.35000020642714,True,-48.89645,58.63884,2_(summed),198.4,1250.078125,1225.15625,1400,0.15625,320,50,1_of_1,0.165,2400,3024193,0.47616,599.9998912,32,1280,320,3072000,768000,0,False,327,60346.394965276515,FRB20240114A_L1_Band_2024_02_06_10_18_44.txt
272,dwi_FRB20240114A_P_Band_2024_02_06_10_27_48_273,no0001,dw,FRB20240114A,2024-02-06T09:27:49,60346.394317129634,21:27:40.8028,321.920011508177,04:21:00.4003,4.35011119700116,True,-46.50677,57.62371,2_(summed),192.0,410.0625,400.125,1400,0.125,160,20,1_of_1,0.503,2400,3125000,0.4608,600.0,32,640,160,1536000,384000,0,False,327,60346.40126157408,FRB20240114A_P_Band_2024_02_06_10_27_48.txt
1,dwi_FRB20240114A_L1_Band_2024_02_06_10_28_45_2,no0001,dw,FRB20240114A,2024-02-06T09:28:46,60346.39497685185,21:27:40.8028,321.920011508177,04:21:00.0007,4.35000020642714,True,-46.25394,57.51967,2_(summed),198.4,1250.078125,1225.15625,1400,0.15625,320,50,1_of_1,0.165,2400,3024193,0.47616,599.9998912,32,1280,320,3072000,768000,0,False,327,60346.40192129504,FRB20240114A_L1_Band_2024_02_06_10_28_45.txt
273,dwi_FRB20240114A_P_Band_2024_02_06_10_37_49_274,no0001,dw,FRB20240114A,2024-02-06T09:37:50,60346.40127314815,21:27:40.9011,321.920421319528,04:21:00.6001,4.35016669228816,True,-43.80887,56.5486,2_(summed),192.0,410.0625,400.125,1400,0.125,160,20,1_of_1,0.503,2400,3125000,0.4608,600.0,32,640,160,1536000,384000,0,False,327,60346.408217592594,FRB20240114A_P_Band_2024_02_06_10_37_49.txt
2,dwi_FRB20240114A_L1_Band_2024_02_06_10_38_46_3,no0001,dw,FRB20240114A,2024-02-06T09:38:47,60346.40193287037,21:27:40.8028,321.920011508177,04:21:00.4003,4.35011119700116,True,-43.55017,56.44926,2_(summed),198.4,1250.078125,1225.15625,1400,0.15625,320,50,1_of_1,0.165,2400,3024193,0.47616,599.9998912,32,1280,320,3072000,768000,0,False,327,60346.40887731356,FRB20240114A_L1_Band_2024_02_06_10_38_46.txt
274,dwi_FRB20240114A_P_Band_2024_02_06_10_47_50_275,no0001,dw,FRB20240114A,2024-02-06T09:47:51,60346.40822916667,21:27:40.8028,321.920011508177,04:21:00.5002,4.35013894464466,True,-41.05014,55.52551,2_(summed),192.0,410.0625,400.125,1400,0.125,160,20,1_of_1,0.503,2400,3125000,0.4608,600.0,32,640,160,1536000,384000,0,False,327,60346.415173611116,FRB20240114A_P_Band_2024_02_06_10_47_50.txt
3,dwi_FRB20240114A_L1_Band_2024_02_06_10_48_47_4,no0001,dw,FRB20240114A,2024-02-06T09:48:48,60346.4088888892,21:27:40.8028,321.920011508177,04:21:00.4003,4.35011119700116,True,-40.78504,55.43135,2_(summed),198.4,1250.078125,1225.15625,1400,0.15625,320,50,1_of_1,0.165,2400,3024193,0.47616,599.9998912,32,1280,320,3072000,768000,0,False,327,60346.41583333239,FRB20240114A_L1_Band_2024_02_06_10_48_47.txt
275,dwi_FRB20240114A_P_Band_2024_02_06_10_57_51_276,no0001,dw,FRB20240114A,2024-02-06T09:57:52,60346.41518518519,21:27:40.8028,321.920011508177,04:21:00.2005,4.35005570171415,True,-38.22754,54.55813,2_(summed),192.0,410.0625,400.125,1400,0.125,160,20,1_of_1,0.503,2400,3125000,0.4608,600.0,32,640,160,1536000,384000,0,False,327,60346.42212962964,FRB20240114A_P_Band_2024_02_06_10_57_51.txt
4,dwi_FRB20240114A_L1_Band_2024_02_06_10_58_48_5,no0001,dw,FRB20240114A,2024-02-06T09:58:49.0001,60346.415844908246,21:27:40.8028,321.920011508177,04:21:00.4003,4.35011119700116,True,-37.95722,54.4694,2_(summed),198.4,1250.078125,1225.15625,1400,0.15625,320,50,1_of_1,0.165,2400,3024193,0.47616,599.9998912,32,1280,320,3072000,768000,0,False,327,60346.42278935143,FRB20240114A_L1_Band_2024_02_06_10_58_48.txt
276,dwi_FRB20240114A_P_Band_2024_02_06_11_07_52_277,no0001,dw,FRB20240114A,2024-02-06T10:07:53,60346.42214120371,21:27:40.8028,321.920011508177,04:21:00.3004,4.35008344935765,True,-35.34296,53.65003,2_(summed),192.0,410.0625,400.125,1400,0.125,160,20,1_of_1,0.503,2400,3125000,0.4608,600.0,32,640,160,1536000,384000,0,False,327,60346.42908564815,FRB20240114A_P_Band_2024_02_06_11_07_52.txt
5,dwi_FRB20240114A_L1_Band_2024_02_06_11_08_49_6,no0001,dw,FRB20240114A,2024-02-06T10:08:50.0001,60346.422800927474,21:27:40.8028,321.920011508177,04:21:00.2005,4.35005570171415,True,-35.06532,53.56711,2_(summed),198.4,1250.078125,1225.15625,1400,0.15625,320,50,1_of_1,0.165,2400,2791471,0.47616,553.8278464,32,1280,320,3072000,768000,0,False,327,60346.42921097199,FRB20240114A_L1_Band_2024_02_06_11_08_49.txt
277,dwi_FRB20240114A_P_Band_2024_02_06_11_17_53_278,no0001,dw,FRB20240114A,2024-02-06T10:17:54,60346.42909722222,21:27:40.6979,321.919574376071,04:21:00.0007,4.35000020642714,True,-32.39442,52.80482,2_(summed),192.0,410.0625,400.125,1400,0.125,160,20,1_of_1,0.503,2400,3125000,0.4608,600.0,32,640,160,1536000,384000,0,False,327,60346.43604166667,FRB20240114A_P_Band_2024_02_06_11_17_53.txt
278,dwi_FRB20240114A_P_Band_2024_02_06_11_27_54_279,no0001,dw,FRB20240114A,2024-02-06T10:27:55,60346.436053240745,21:27:40.9011,321.920421319528,04:21:00.7000,4.35019443993166,True,-29.38582,52.02619,2_(summed),192.0,410.0625,400.125,1400,0.125,160,20,1_of_1,0.503,2400,3125000,0.4608,600.0,32,640,160,1536000,384000,0,False,327,60346.44299768519,FRB20240114A_P_Band_2024_02_06_11_27_54.txt
279,dwi_FRB20240114A_P_Band_2024_02_06_11_37_55_280,no0001,dw,FRB20240114A,2024-02-06T10:37:56,60346.44300925927,21:27:40.6979,321.919574376071,04:21:00.0007,4.35000020642714,True,-26.31745,51.31769,2_(summed),192.0,410.0625,400.125,1400,0.125,160,20,1_of_1,0.503,2400,3125000,0.4608,600.0,32,640,160,1536000,384000,0,False,327,60346.44995370371,FRB20240114A_P_Band_2024_02_06_11_37_55.txt
280,dwi_FRB20240114A_P_Band_2024_02_06_11_47_56_281,no0001,dw,FRB20240114A,2024-02-06T10:47:57,60346.44996527778,21:27:40.9011,321.920421319528,04:21:00.3004,4.35008344935765,True,-23.19602,50.68252,2_(summed),192.0,410.0625,400.125,1400,0.125,160,20,1_of_1,0.503,2400,3125000,0.4608,600.0,32,640,160,1536000,384000,0,False,327,60346.45690972223,FRB20240114A_P_Band_2024_02_06_11_47_56.txt
281,dwi_FRB20240114A_P_Band_2024_02_06_11_57_57_282,no0001,dw,FRB20240114A,2024-02-06T10:57:58,60346.456921296296,21:27:40.8028,321.920011508177,04:21:00.0007,4.35000020642714,True,-20.02152,50.12399,2_(summed),192.0,410.0625,400.125,1400,0.125,160,20,1_of_1,0.503,2400,3125000,0.4608,600.0,32,640,160,1536000,384000,0,False,327,60346.46386574074,FRB20240114A_P_Band_2024_02_06_11_57_57.txt
282,dwi_FRB20240114A_P_Band_2024_02_06_12_07_58_283,no0001,dw,FRB20240114A,2024-02-06T11:07:59,60346.46387731482,21:27:40.8028,321.920011508177,04:21:00.3004,4.35008344935765,True,-16.80064,49.64489,2_(summed),192.0,410.0625,400.125,1400,0.125,160,20,1_of_1,0.503,2400,3125000,0.4608,600.0,32,640,160,1536000,384000,0,False,327,60346.47082175926,FRB20240114A_P_Band_2024_02_06_12_07_58.txt
283,dwi_FRB20240114A_P_Band_2024_02_06_12_17_59_284,no0001,dw,FRB20240114A,2024-02-06T11:18:05.86733e-07,60346.47083333334,21:27:40.6979,321.919574376071,04:21:00.0007,4.35000020642714,True,-13.53805,49.24806,2_(summed),192.0,410.0625,400.125,1400,0.125,160,20,1_of_1,0.503,2400,3125000,0.4608,600.0,32,640,160,1536000,384000,0,False,327,60346.477777777785,FRB20240114A_P_Band_2024_02_06_12_17_59.txt
284,dwi_FRB20240114A_P_Band_2024_02_06_12_28_00_285,no0001,dw,FRB20240114A,2024-02-06T11:28:01,60346.477789351855,21:27:40.8028,321.920011508177,04:21:00.2005,4.35005570171415,True,-10.24421,48.93543,2_(summed),192.0,410.0625,400.125,1400,0.125,160,20,1_of_1,0.503,2400,3125000,0.4608,600.0,32,640,160,1536000,384000,0,False,327,60346.4847337963,FRB20240114A_P_Band_2024_02_06_12_28_00.txt
285,dwi_FRB20240114A_P_Band_2024_02_06_12_38_01_286,no0001,dw,FRB20240114A,2024-02-06T11:38:02,60346.48474537037,21:27:40.6979,321.919574376071,04:21:00.0007,4.35000020642714,True,-6.922404,48.70909,2_(summed),192.0,410.0625,400.125,1400,0.125,160,20,1_of_1,0.503,2400,3125000,0.4608,600.0,32,640,160,1536000,384000,0,False,327,60346.491689814815,FRB20240114A_P_Band_2024_02_06_12_38_01.txt
286,dwi_FRB20240114A_P_Band_2024_02_06_12_48_02_287,no0001,dw,FRB20240114A,2024-02-06T11:48:03,60346.49170138889,21:27:40.5995,321.91916456472,04:21:00.0007,4.35000020642714,True,-3.583274,48.57018,2_(summed),192.0,410.0625,400.125,1400,0.125,160,20,1_of_1,0.503,2400,3125000,0.4608,600.0,32,640,160,1536000,384000,0,False,327,60346.49864583334,FRB20240114A_P_Band_2024_02_06_12_48_02.txt
287,dwi_FRB20240114A_P_Band_2024_02_06_12_58_03_288,no0001,dw,FRB20240114A,2024-02-06T11:58:04,60346.498657407414,21:27:40.5995,321.91916456472,04:21:00.2005,4.35005570171415,True,-0.2351976,48.51957,2_(summed),192.0,410.0625,400.125,1400,0.125,160,20,1_of_1,0.503,2400,2419408,0.4608,464.526336,32,640,160,1536000,384000,0,False,327,60346.504033869634,FRB20240114A_P_Band_2024_02_06_12_58_03.txt
288,dwi_FRB20240114A_P_Band_2024_02_09_09_50_14_289,no0001,dw,FRB20240114A,2024-02-09T08:50:26,60349.368356481486,21:27:40.9011,321.920421319528,04:21:00.7000,4.35019443993166,True,-53.12568,60.58246,2_(summed),192.0,410.0625,400.125,1400,0.125,160,20,1_of_1,0.503,2400,3125000,0.4608,600.0,32,640,160,1536000,384000,0,False,327,60349.37530092593,FRB20240114A_P_Band_2024_02_09_09_50_14.txt
289,dwi_FRB20240114A_P_Band_2024_02_09_10_00_26_290,no0001,dw,FRB20240114A,2024-02-09T09:00:27,60349.37531250001,21:27:40.8028,321.920011508177,04:21:00.4003,4.35011119700116,True,-50.58049,59.39023,2_(summed),192.0,410.0625,400.125,1400,0.125,160,20,1_of_1,0.503,2400,3125000,0.4608,600.0,32,640,160,1536000,384000,0,False,327,60349.38225694445,FRB20240114A_P_Band_2024_02_09_10_00_26.txt
290,dwi_FRB20240114A_P_Band_2024_02_09_10_10_27_291,no0001,dw,FRB20240114A,2024-02-09T09:10:28,60349.38226851852,21:27:40.9011,321.920421319528,04:21:00.7000,4.35019443993166,True,-47.97689,58.24117,2_(summed),192.0,410.0625,400.125,1400,0.125,160,20,1_of_1,0.503,2400,3125000,0.4608,600.0,32,640,160,1536000,384000,0,False,327,60349.38921296297,FRB20240114A_P_Band_2024_02_09_10_10_27.txt
291,dwi_FRB20240114A_P_Band_2024_02_09_10_20_28_292,no0001,dw,FRB20240114A,2024-02-09T09:20:29,60349.38922453704,21:27:40.8028,321.920011508177,04:21:00.4003,4.35011119700116,True,-45.31336,57.13879,2_(summed),192.0,410.0625,400.125,1400,0.125,160,20,1_of_1,0.503,2400,3125000,0.4608,600.0,32,640,160,1536000,384000,0,False,327,60349.39616898148,FRB20240114A_P_Band_2024_02_09_10_20_28.txt
292,dwi_FRB20240114A_P_Band_2024_02_09_10_30_29_293,no0001,dw,FRB20240114A,2024-02-09T09:30:30,60349.39618055556,21:27:40.8028,321.920011508177,04:21:00.0007,4.35000020642714,True,-42.58814,56.08637,2_(summed),192.0,410.0625,400.125,1400,0.125,160,20,1_of_1,0.503,2400,3125000,0.4608,600.0,32,640,160,1536000,384000,0,False,327,60349.403125000004,FRB20240114A_P_Band_2024_02_09_10_30_29.txt
293,dwi_FRB20240114A_P_Band_2024_02_09_10_40_30_294,no0001,dw,FRB20240114A,2024-02-09T09:40:31,60349.40313657408,21:27:40.8028,321.920011508177,04:21:00.1006,4.35002795407065,True,-39.80062,55.08756,2_(summed),192.0,410.0625,400.125,1400,0.125,160,20,1_of_1,0.503,2400,3125000,0.4608,600.0,32,640,160,1536000,384000,0,False,327,60349.41008101853,FRB20240114A_P_Band_2024_02_09_10_40_30.txt
294,dwi_FRB20240114A_P_Band_2024_02_09_10_50_31_295,no0001,dw,FRB20240114A,2024-02-09T09:50:32,60349.410092592596,21:27:40.9011,321.920421319528,04:21:00.6001,4.35016669228816,True,-36.95033,54.14613,2_(summed),192.0,410.0625,400.125,1400,0.125,160,20,1_of_1,0.503,2400,3125000,0.4608,600.0,32,640,160,1536000,384000,0,False,327,60349.41703703704,FRB20240114A_P_Band_2024_02_09_10_50_31.txt
295,dwi_FRB20240114A_P_Band_2024_02_09_11_00_32_296,no0001,dw,FRB20240114A,2024-02-09T10:00:33,60349.41704861111,21:27:40.9011,321.920421319528,04:21:00.7000,4.35019443993166,True,-34.03717,53.26558,2_(summed),192.0,410.0625,400.125,1400,0.125,160,20,1_of_1,0.503,2400,3125000,0.4608,600.0,32,640,160,1536000,384000,0,False,327,60349.423993055556,FRB20240114A_P_Band_2024_02_09_11_00_32.txt
296,dwi_FRB20240114A_P_Band_2024_02_09_11_10_33_297,no0001,dw,FRB20240114A,2024-02-09T10:10:34,60349.42400462963,21:27:40.8028,321.920011508177,04:21:00.2005,4.35005570171415,True,-31.06193,52.44971,2_(summed),192.0,410.0625,400.125,1400,0.125,160,20,1_of_1,0.503,2400,3125000,0.4608,600.0,32,640,160,1536000,384000,0,False,327,60349.43094907408,FRB20240114A_P_Band_2024_02_09_11_10_33.txt
297,dwi_FRB20240114A_P_Band_2024_02_09_11_20_34_298,no0001,dw,FRB20240114A,2024-02-09T10:20:35,60349.430960648155,21:27:40.8028,321.920011508177,04:21:00.3004,4.35008344935765,True,-28.02646,51.70182,2_(summed),192.0,410.0625,400.125,1400,0.125,160,20,1_of_1,0.503,2400,3125000,0.4608,600.0,32,640,160,1536000,384000,0,False,327,60349.4379050926,FRB20240114A_P_Band_2024_02_09_11_20_34.txt
298,dwi_FRB20240114A_P_Band_2024_02_09_11_30_35_299,no0001,dw,FRB20240114A,2024-02-09T10:30:36,60349.43791666667,21:27:40.8028,321.920011508177,04:21:00.2005,4.35005570171415,True,-24.93387,51.02548,2_(summed),192.0,410.0625,400.125,1400,0.125,160,20,1_of_1,0.503,2400,3125000,0.4608,600.0,32,640,160,1536000,384000,0,False,327,60349.444861111115,FRB20240114A_P_Band_2024_02_09_11_30_35.txt
299,dwi_FRB20240114A_P_Band_2024_02_09_11_40_36_300,no0001,dw,FRB20240114A,2024-02-09T10:40:37,60349.444872685184,21:27:40.8028,321.920011508177,04:21:00.1006,4.35002795407065,True,-21.78724,50.42413,2_(summed),192.0,410.0625,400.125,1400,0.125,160,20,1_of_1,0.503,2400,3125000,0.4608,600.0,32,640,160,1536000,384000,0,False,327,60349.45181712963,FRB20240114A_P_Band_2024_02_09_11_40_36.txt
300,dwi_FRB20240114A_P_Band_2024_02_09_11_50_37_301,no0001,dw,FRB20240114A,2024-02-09T10:50:38,60349.451828703706,21:27:40.9011,321.920421319528,04:21:00.4003,4.35011119700116,True,-18.59181,49.90062,2_(summed),192.0,410.0625,400.125,1400,0.125,160,20,1_of_1,0.503,2400,3125000,0.4608,600.0,32,640,160,1536000,384000,0,False,327,60349.45877314815,FRB20240114A_P_Band_2024_02_09_11_50_37.txt
301,dwi_FRB20240114A_P_Band_2024_02_09_13_49_15_302,no0001,dw,FRB20240114A,2024-02-09T12:49:26,60349.53432870371,21:27:40.8028,321.920011508177,04:21:00.1006,4.35002795407065,True,20.54649,50.21054,2_(summed),192.0,410.0625,400.125,1400,0.125,160,20,1_of_1,0.503,2400,3125000,0.4608,600.0,32,640,160,1536000,384000,0,False,327,60349.541273148156,FRB20240114A_P_Band_2024_02_09_13_49_15.txt
302,dwi_FRB20240114A_P_Band_2024_02_09_13_59_26_303,no0001,dw,FRB20240114A,2024-02-09T12:59:27,60349.541284722225,21:27:40.8028,321.920011508177,04:21:00.0007,4.35000020642714,True,23.71278,50.78195,2_(summed),192.0,410.0625,400.125,1400,0.125,160,20,1_of_1,0.503,2400,2643890,0.4608,507.62688,32,640,160,1536000,384000,0,False,327,60349.54716003333,FRB20240114A_P_Band_2024_02_09_13_59_26.txt
303,dwi_FRB20240114A_P_Band_2024_02_09_14_08_04_304,no0001,dw,FRB20240114A,2024-02-09T13:08:13,60349.54737268519,21:27:40.8028,321.920011508177,04:21:00.1006,4.35002795407065,True,26.44137,51.34459,2_(summed),192.0,410.0625,400.125,1400,0.125,160,20,1_of_1,0.503,2400,3125000,0.4608,600.0,32,640,160,1536000,384000,0,False,327,60349.55431712964,FRB20240114A_P_Band_2024_02_09_14_08_04.txt
6,dwi_FRB20240114A_L1_Band_2024_02_09_14_08_04_7,no0001,dw,FRB20240114A,2024-02-09T13:08:16,60349.54740740764,21:27:40.8028,321.920011508177,04:21:00.0007,4.35000020642714,True,26.45692,51.34795,2_(summed),198.4,1250.15625,1200.3125,1400,0.3125,320,100,1_of_1,0.165,2400,3024193,0.47616,599.9998912,32,1280,320,3072000,768000,0,False,327,60349.55435185083,FRB20240114A_L1_Band_2024_02_09_14_08_04.txt
304,dwi_FRB20240114A_P_Band_2024_02_09_14_18_13_305,no0001,dw,FRB20240114A,2024-02-09T13:18:14,60349.55432870371,21:27:40.9011,321.920421319528,04:21:00.0007,4.35000020642714,True,29.50607,52.05596,2_(summed),192.0,410.0625,400.125,1400,0.125,160,20,1_of_1,0.503,2400,3125000,0.4608,600.0,32,640,160,1536000,384000,0,False,327,60349.56127314815,FRB20240114A_P_Band_2024_02_09_14_18_13.txt
7,dwi_FRB20240114A_L1_Band_2024_02_09_14_18_16_8,no0001,dw,FRB20240114A,2024-02-09T13:18:17.0001,60349.554363426505,21:27:40.8028,321.920011508177,04:21:00.1006,4.35002795407065,True,29.52168,52.05971,2_(summed),198.4,1250.15625,1200.3125,1400,0.3125,320,100,1_of_1,0.165,2400,3024193,0.47616,599.9998912,32,1280,320,3072000,768000,0,False,327,60349.56130786969,FRB20240114A_L1_Band_2024_02_09_14_18_16.txt
305,dwi_FRB20240114A_P_Band_2024_02_09_14_28_14_306,no0001,dw,FRB20240114A,2024-02-09T13:28:15,60349.56128472222,21:27:40.8028,321.920011508177,04:21:00.2005,4.35005570171415,True,32.51313,52.83734,2_(summed),192.0,410.0625,400.125,1400,0.125,160,20,1_of_1,0.503,2400,3125000,0.4608,600.0,32,640,160,1536000,384000,0,False,327,60349.56822916667,FRB20240114A_P_Band_2024_02_09_14_28_14.txt
8,dwi_FRB20240114A_L1_Band_2024_02_09_14_28_17_9,no0001,dw,FRB20240114A,2024-02-09T13:28:18.0001,60349.56131944523,21:27:40.8028,321.920011508177,04:21:00.1006,4.35002795407065,True,32.5277,52.84137,2_(summed),198.4,1250.15625,1200.3125,1400,0.3125,320,100,1_of_1,0.165,2400,3024193,0.47616,599.9998912,32,1280,320,3072000,768000,0,False,327,60349.56826388842,FRB20240114A_L1_Band_2024_02_09_14_28_17.txt
306,dwi_FRB20240114A_P_Band_2024_02_09_14_38_15_307,no0001,dw,FRB20240114A,2024-02-09T13:38:16,60349.568240740744,21:27:40.8028,321.920011508177,04:21:00.1006,4.35002795407065,True,35.45841,53.68506,2_(summed),192.0,410.0625,400.125,1400,0.125,160,20,1_of_1,0.503,2400,3125000,0.4608,600.0,32,640,160,1536000,384000,0,False,327,60349.57518518519,FRB20240114A_P_Band_2024_02_09_14_38_15.txt
9,dwi_FRB20240114A_L1_Band_2024_02_09_14_38_18_10,no0001,dw,FRB20240114A,2024-02-09T13:38:19.0001,60349.56827546368,21:27:40.9011,321.920421319528,04:21:00.0007,4.35000020642714,True,35.47285,53.68946,2_(summed),198.4,1250.15625,1200.3125,1400,0.3125,320,100,1_of_1,0.165,2400,3024193,0.47616,599.9998912,32,1280,320,3072000,768000,0,False,327,60349.57521990687,FRB20240114A_L1_Band_2024_02_09_14_38_18.txt
307,dwi_FRB20240114A_P_Band_2024_02_09_14_48_16_308,no0001,dw,FRB20240114A,2024-02-09T13:48:17,60349.575196759266,21:27:40.8028,321.920011508177,04:21:00.2005,4.35005570171415,True,38.34116,54.59556,2_(summed),192.0,410.0625,400.125,1400,0.125,160,20,1_of_1,0.503,2400,3125000,0.4608,600.0,32,640,160,1536000,384000,0,False,327,60349.58214120371,FRB20240114A_P_Band_2024_02_09_14_48_16.txt
10,dwi_FRB20240114A_L1_Band_2024_02_09_14_48_19_11,no0001,dw,FRB20240114A,2024-02-09T13:48:20.0001,60349.57523148211,21:27:40.8028,321.920011508177,04:21:00.0007,4.35000020642714,True,38.35557,54.60032,2_(summed),198.4,1250.15625,1200.3125,1400,0.3125,320,100,1_of_1,0.165,2400,3024193,0.47616,599.9998912,32,1280,320,3072000,768000,0,False,327,60349.582175925294,FRB20240114A_L1_Band_2024_02_09_14_48_19.txt
308,dwi_FRB20240114A_P_Band_2024_02_09_14_58_17_309,no0001,dw,FRB20240114A,2024-02-09T13:58:18,60349.58215277778,21:27:40.9011,321.920421319528,04:21:00.0007,4.35000020642714,True,41.16111,55.56527,2_(summed),192.0,410.0625,400.125,1400,0.125,160,20,1_of_1,0.503,2400,3125000,0.4608,600.0,32,640,160,1536000,384000,0,False,327,60349.589097222226,FRB20240114A_P_Band_2024_02_09_14_58_17.txt
11,dwi_FRB20240114A_L1_Band_2024_02_09_14_58_20_12,no0001,dw,FRB20240114A,2024-02-09T13:58:21,60349.58218750027,21:27:40.8028,321.920011508177,04:21:00.0007,4.35000020642714,True,41.17532,55.57032,2_(summed),198.4,1250.15625,1200.3125,1400,0.3125,320,100,1_of_1,0.165,2400,3024193,0.47616,599.9998912,32,1280,320,3072000,768000,0,False,327,60349.58913194346,FRB20240114A_L1_Band_2024_02_09_14_58_20.txt
309,dwi_FRB20240114A_P_Band_2024_02_09_15_08_18_310,no0001,dw,FRB20240114A,2024-02-09T14:08:19,60349.589108796295,21:27:40.8028,321.920011508177,04:21:00.0007,4.35000020642714,True,43.91803,56.59053,2_(summed),192.0,410.0625,400.125,1400,0.125,160,20,1_of_1,0.503,2400,2075403,0.4608,398.477376,32,640,160,1536000,384000,0,False,327,60349.593720802965,FRB20240114A_P_Band_2024_02_09_15_08_18.txt
12,dwi_FRB20240114A_L1_Band_2024_02_09_15_08_21_13,no0001,dw,FRB20240114A,2024-02-09T14:08:22,60349.589143518664,21:27:40.8028,321.920011508177,04:21:00.0007,4.35000020642714,True,43.93187,56.59576,2_(summed),198.4,1250.15625,1200.3125,1400,0.3125,320,100,1_of_1,0.165,2400,1993365,0.47616,395.483616,32,1280,320,3072000,768000,0,False,327,60349.59372087533,FRB20240114A_L1_Band_2024_02_09_15_08_21.txt
13,dwi_FRB20240114A_L1_Band_2024_02_09_15_22_41_14,no0001,dw,FRB20240114A,2024-02-09T14:22:52,60349.59921296319,21:27:40.8028,321.920011508177,04:21:00.0007,4.35000020642714,True,47.81292,58.17128,2_(summed),198.4,1250.15625,1200.3125,1400,0.3125,320,100,1_of_1,0.165,2400,3024193,0.47616,599.9998912,32,1280,320,3072000,768000,0,False,327,60349.60615740638,FRB20240114A_L1_Band_2024_02_09_15_22_41.txt
310,dwi_FRB20240114A_P_Band_2024_02_09_15_22_41_311,no0001,dw,FRB20240114A,2024-02-09T14:22:53,60349.59922453704,21:27:40.8028,321.920011508177,04:21:00.2005,4.35005570171415,True,47.81687,58.17313,2_(summed),192.0,410.0625,400.125,1400,0.125,160,20,1_of_1,0.503,2400,3125000,0.4608,600.0,32,640,160,1536000,384000,0,False,327,60349.60616898149,FRB20240114A_P_Band_2024_02_09_15_22_41.txt
14,dwi_FRB20240114A_L1_Band_2024_02_09_15_32_52_15,no0001,dw,FRB20240114A,2024-02-09T14:32:53,60349.60616898186,21:27:40.8028,321.920011508177,04:21:00.0007,4.35000020642714,True,50.41991,59.31755,2_(summed),198.4,1250.15625,1200.3125,1400,0.3125,320,100,1_of_1,0.165,2400,3024193,0.47616,599.9998912,32,1280,320,3072000,768000,0,False,327,60349.613113425046,FRB20240114A_L1_Band_2024_02_09_15_32_52.txt
311,dwi_FRB20240114A_P_Band_2024_02_09_15_32_53_312,no0001,dw,FRB20240114A,2024-02-09T14:32:54,60349.60618055556,21:27:40.8028,321.920011508177,04:21:00.0007,4.35000020642714,True,50.42413,59.31948,2_(summed),192.0,410.0625,400.125,1400,0.125,160,20,1_of_1,0.503,2400,3125000,0.4608,600.0,32,640,160,1536000,384000,0,False,327,60349.613125,FRB20240114A_P_Band_2024_02_09_15_32_53.txt
15,dwi_FRB20240114A_L1_Band_2024_02_09_15_42_53_16,no0001,dw,FRB20240114A,2024-02-09T14:42:54,60349.61312500037,21:27:40.9011,321.920421319528,04:21:00.0007,4.35000020642714,True,52.9687,60.50713,2_(summed),198.4,1250.15625,1200.3125,1400,0.3125,320,100,1_of_1,0.165,2400,3024193,0.47616,599.9998912,32,1280,320,3072000,768000,0,False,327,60349.620069443554,FRB20240114A_L1_Band_2024_02_09_15_42_53.txt
312,dwi_FRB20240114A_P_Band_2024_02_09_15_42_54_313,no0001,dw,FRB20240114A,2024-02-09T14:42:55,60349.61313657407,21:27:40.8028,321.920011508177,04:21:00.0007,4.35000020642714,True,52.97302,60.50916,2_(summed),192.0,410.0625,400.125,1400,0.125,160,20,1_of_1,0.503,2400,3125000,0.4608,600.0,32,640,160,1536000,384000,0,False,327,60349.62008101852,FRB20240114A_P_Band_2024_02_09_15_42_54.txt
16,dwi_FRB20240114A_L1_Band_2024_02_09_15_52_54_17,no0001,dw,FRB20240114A,2024-02-09T14:52:55,60349.62008101884,21:27:40.8028,321.920011508177,04:21:00.1006,4.35002795407065,True,55.46189,61.73684,2_(summed),198.4,1250.15625,1200.3125,1400,0.3125,320,100,1_of_1,0.165,2400,3024193,0.47616,599.9998912,32,1280,320,3072000,768000,0,False,327,60349.627025462025,FRB20240114A_L1_Band_2024_02_09_15_52_54.txt
313,dwi_FRB20240114A_P_Band_2024_02_09_15_52_55_314,no0001,dw,FRB20240114A,2024-02-09T14:52:56,60349.620092592595,21:27:40.8028,321.920011508177,04:21:00.2005,4.35005570171415,True,55.46614,61.73892,2_(summed),192.0,410.0625,400.125,1400,0.125,160,20,1_of_1,0.503,2400,3125000,0.4608,600.0,32,640,160,1536000,384000,0,False,327,60349.62703703704,FRB20240114A_P_Band_2024_02_09_15_52_55.txt
17,dwi_FRB20240114A_L1_Band_2024_02_09_16_02_55_18,no0001,dw,FRB20240114A,2024-02-09T15:02:56,60349.62703703728,21:27:40.8028,321.920011508177,04:21:00.0007,4.35000020642714,True,57.90164,63.00342,2_(summed),198.4,1250.15625,1200.3125,1400,0.3125,320,100,1_of_1,0.165,2400,3024193,0.47616,599.9998912,32,1280,320,3072000,768000,0,False,327,60349.63398148047,FRB20240114A_L1_Band_2024_02_09_16_02_55.txt
314,dwi_FRB20240114A_P_Band_2024_02_09_16_02_56_315,no0001,dw,FRB20240114A,2024-02-09T15:02:57,60349.62704861112,21:27:40.8028,321.920011508177,04:21:00.1006,4.35002795407065,True,57.90567,63.00557,2_(summed),192.0,410.0625,400.125,1400,0.125,160,20,1_of_1,0.503,2400,3125000,0.4608,600.0,32,640,160,1536000,384000,0,False,327,60349.63399305556,FRB20240114A_P_Band_2024_02_09_16_02_56.txt
18,dwi_FRB20240114A_L1_Band_2024_02_09_16_12_56_19,no0001,dw,FRB20240114A,2024-02-09T15:12:57,60349.63399305611,21:27:40.8028,321.920011508177,04:21:00.0007,4.35000020642714,True,60.29064,64.30381,2_(summed),198.4,1250.15625,1200.3125,1400,0.3125,320,100,1_of_1,0.165,2400,3024193,0.47616,599.9998912,32,1280,320,3072000,768000,0,False,327,60349.640937499295,FRB20240114A_L1_Band_2024_02_09_16_12_56.txt
315,dwi_FRB20240114A_P_Band_2024_02_09_16_12_57_316,no0001,dw,FRB20240114A,2024-02-09T15:12:58,60349.63400462963,21:27:40.8028,321.920011508177,04:21:00.0007,4.35000020642714,True,60.2947,64.30601,2_(summed),192.0,410.0625,400.125,1400,0.125,160,20,1_of_1,0.503,2400,3125000,0.4608,600.0,32,640,160,1536000,384000,0,False,327,60349.64094907408,FRB20240114A_P_Band_2024_02_09_16_12_57.txt
19,dwi_FRB20240114A_L1_Band_2024_02_09_16_22_57_20,no0001,dw,FRB20240114A,2024-02-09T15:22:58,60349.640949074594,21:27:40.8028,321.920011508177,04:21:00.1006,4.35002795407065,True,62.63208,65.63498,2_(summed),198.4,1250.15625,1200.3125,1400,0.3125,320,100,1_of_1,0.165,2400,3024193,0.47616,599.9998912,32,1280,320,3072000,768000,0,False,327,60349.64789351778,FRB20240114A_L1_Band_2024_02_09_16_22_57.txt
316,dwi_FRB20240114A_P_Band_2024_02_09_16_22_58_317,no0001,dw,FRB20240114A,2024-02-09T15:22:59,60349.64096064815,21:27:40.8028,321.920011508177,04:21:00.1006,4.35002795407065,True,62.63594,65.63722,2_(summed),192.0,410.0625,400.125,1400,0.125,160,20,1_of_1,0.503,2400,3125000,0.4608,600.0,32,640,160,1536000,384000,0,False,327,60349.64790509259,FRB20240114A_P_Band_2024_02_09_16_22_58.txt
20,dwi_FRB20240114A_L1_Band_2024_02_09_16_32_58_21,no0001,dw,FRB20240114A,2024-02-09T15:32:59.0001,60349.6479050936,21:27:40.8028,321.920011508177,04:21:00.1006,4.35002795407065,True,64.92872,66.99419,2_(summed),198.4,1250.15625,1200.3125,1400,0.3125,320,100,1_of_1,0.165,2400,3024193,0.47616,599.9998912,32,1280,320,3072000,768000,0,False,327,60349.65484953679,FRB20240114A_L1_Band_2024_02_09_16_32_58.txt
317,dwi_FRB20240114A_P_Band_2024_02_09_16_32_59_318,no0001,dw,FRB20240114A,2024-02-09T15:33:01.67638e-07,60349.64791666667,21:27:40.8028,321.920011508177,04:21:00.0007,4.35000020642714,True,64.93272,66.99648,2_(summed),192.0,410.0625,400.125,1400,0.125,160,20,1_of_1,0.503,2400,3125000,0.4608,600.0,32,640,160,1536000,384000,0,False,327,60349.654861111114,FRB20240114A_P_Band_2024_02_09_16_32_59.txt
21,dwi_FRB20240114A_L1_Band_2024_02_09_16_42_59_22,no0001,dw,FRB20240114A,2024-02-09T15:43:09.64198e-05,60349.65486111223,21:27:40.8028,321.920011508177,04:21:00.4003,4.35011119700116,True,67.18387,68.37859,2_(summed),198.4,1250.15625,1200.3125,1400,0.3125,320,100,1_of_1,0.165,2400,3024193,0.47616,599.9998912,32,1280,320,3072000,768000,0,False,327,60349.66180555541,FRB20240114A_L1_Band_2024_02_09_16_42_59.txt
318,dwi_FRB20240114A_P_Band_2024_02_09_16_43_00_319,no0001,dw,FRB20240114A,2024-02-09T15:43:01,60349.65487268519,21:27:40.8028,321.920011508177,04:21:00.0007,4.35000020642714,True,67.1877,68.38091,2_(summed),192.0,410.0625,400.125,1400,0.125,160,20,1_of_1,0.503,2400,3125000,0.4608,600.0,32,640,160,1536000,384000,0,False,327,60349.661817129636,FRB20240114A_P_Band_2024_02_09_16_43_00.txt
22,dwi_FRB20240114A_L1_Band_2024_02_09_16_53_00_23,no0001,dw,FRB20240114A,2024-02-09T15:53:01.00007,60349.661817130414,21:27:40.8028,321.920011508177,04:21:00.0007,4.35000020642714,True,69.40051,69.78558,2_(summed),198.4,1250.15625,1200.3125,1400,0.3125,320,100,1_of_1,0.165,2400,3024193,0.47616,599.9998912,32,1280,320,3072000,768000,0,False,327,60349.6687615736,FRB20240114A_L1_Band_2024_02_09_16_53_00.txt
319,dwi_FRB20240114A_P_Band_2024_02_09_16_53_01_320,no0001,dw,FRB20240114A,2024-02-09T15:53:02,60349.661828703705,21:27:40.8028,321.920011508177,04:21:00.2005,4.35005570171415,True,69.40413,69.78793,2_(summed),192.0,410.0625,400.125,1400,0.125,160,20,1_of_1,0.503,2400,3125000,0.4608,600.0,32,640,160,1536000,384000,0,False,327,60349.66877314815,FRB20240114A_P_Band_2024_02_09_16_53_01.txt
23,dwi_FRB20240114A_L1_Band_2024_02_09_17_03_01_24,no0001,dw,FRB20240114A,2024-02-09T16:03:02.00005,60349.66877314876,21:27:40.9011,321.920421319528,04:21:00.0007,4.35000020642714,True,71.58172,71.21262,2_(summed),198.4,1250.15625,1200.3125,1400,0.3125,320,100,1_of_1,0.165,2400,3024193,0.47616,599.9998912,32,1280,320,3072000,768000,0,False,327,60349.67571759195,FRB20240114A_L1_Band_2024_02_09_17_03_01.txt
320,dwi_FRB20240114A_P_Band_2024_02_09_17_03_02_321,no0001,dw,FRB20240114A,2024-02-09T16:03:03,60349.66878472222,21:27:40.8028,321.920011508177,04:21:00.0007,4.35000020642714,True,71.58538,71.215,2_(summed),192.0,410.0625,400.125,1400,0.125,160,20,1_of_1,0.503,2400,3125000,0.4608,600.0,32,640,160,1536000,384000,0,False,327,60349.675729166665,FRB20240114A_P_Band_2024_02_09_17_03_02.txt
321,dwi_FRB20240114A_P_Band_2024_02_09_17_13_03_322,no0001,dw,FRB20240114A,2024-02-09T16:13:04,60349.67574074074,21:27:40.8028,321.920011508177,04:21:00.4003,4.35011119700116,True,73.73451,72.65958,2_(summed),192.0,410.0625,400.125,1400,0.125,160,20,1_of_1,0.503,2400,2404773,0.4608,461.716416,32,640,160,1536000,384000,0,False,327,60349.68108468074,FRB20240114A_P_Band_2024_02_09_17_13_03.txt
144,dwi_FRB20240114A_PV_Band_2024_02_15_10_30_00_145,no0001,dw,FRB20240114A,2024-02-15T09:30:12,60355.39597222222,21:27:39.7995,321.915831432405,04:19:46.5006,4.32958349033751,True,-35.99618,53.87077,2_(summed),192.0,410.0625,400.125,1400,0.125,160,20,1_of_1,0.503,2400,3125000,0.4608,600.0,32,640,160,1536000,384000,0,False,327,60355.402916666666,FRB20240114A_PV_Band_2024_02_15_10_30_00.txt
24,dwi_FRB20240114A_L1_Band_2024_02_15_10_30_00_25,no0001,dw,FRB20240114A,2024-02-15T09:30:12,60355.39597222245,21:27:39.7995,321.915831432405,04:19:46.5006,4.32958349033751,True,-35.99618,53.87077,2_(summed),198.4,1250.15625,1200.3125,1400,0.3125,320,100,1_of_1,0.165,2400,3024193,0.47616,599.9998912,32,1280,320,3072000,768000,0,False,327,60355.40291666564,FRB20240114A_L1_Band_2024_02_15_10_30_00.txt
145,dwi_FRB20240114A_PV_Band_2024_02_15_10_40_12_146,no0001,dw,FRB20240114A,2024-02-15T09:40:13,60355.40292824074,21:27:39.7995,321.915831432405,04:19:46.6005,4.32961123798101,True,-33.06293,53.01114,2_(summed),192.0,410.0625,400.125,1400,0.125,160,20,1_of_1,0.503,2400,3125000,0.4608,600.0,32,640,160,1536000,384000,0,False,327,60355.40987268519,FRB20240114A_PV_Band_2024_02_15_10_40_12.txt
25,dwi_FRB20240114A_L1_Band_2024_02_15_10_40_12_26,no0001,dw,FRB20240114A,2024-02-15T09:40:13,60355.402928241034,21:27:39.7995,321.915831432405,04:19:46.6005,4.32961123798101,True,-33.06293,53.01114,2_(summed),198.4,1250.15625,1200.3125,1400,0.3125,320,100,1_of_1,0.165,2400,3024193,0.47616,599.9998912,32,1280,320,3072000,768000,0,False,327,60355.40987268422,FRB20240114A_L1_Band_2024_02_15_10_40_12.txt
146,dwi_FRB20240114A_PV_Band_2024_02_15_10_50_13_147,no0001,dw,FRB20240114A,2024-02-15T09:50:14,60355.409884259265,21:27:39.7995,321.915831432405,04:19:46.4007,4.329555742694,True,-30.0687,52.21723,2_(summed),192.0,410.0625,400.125,1400,0.125,160,20,1_of_1,0.503,2400,3125000,0.4608,600.0,32,640,160,1536000,384000,0,False,327,60355.41682870371,FRB20240114A_PV_Band_2024_02_15_10_50_13.txt
26,dwi_FRB20240114A_L1_Band_2024_02_15_10_50_13_27,no0001,dw,FRB20240114A,2024-02-15T09:50:14.0001,60355.409884259876,21:27:39.7995,321.915831432405,04:19:46.6005,4.32961123798101,True,-30.0682,52.21711,2_(summed),198.4,1250.15625,1200.3125,1400,0.3125,320,100,1_of_1,0.165,2400,3024193,0.47616,599.9998912,32,1280,320,3072000,768000,0,False,327,60355.41682870306,FRB20240114A_L1_Band_2024_02_15_10_50_13.txt
147,dwi_FRB20240114A_PV_Band_2024_02_15_11_00_14_148,no0001,dw,FRB20240114A,2024-02-15T10:00:15,60355.41684027778,21:27:39.7995,321.915831432405,04:19:46.5006,4.32958349033751,True,-27.01485,51.49253,2_(summed),192.0,410.0625,400.125,1400,0.125,160,20,1_of_1,0.503,2400,3125000,0.4608,600.0,32,640,160,1536000,384000,0,False,327,60355.423784722225,FRB20240114A_PV_Band_2024_02_15_11_00_14.txt
27,dwi_FRB20240114A_L1_Band_2024_02_15_11_00_14_28,no0001,dw,FRB20240114A,2024-02-15T10:00:15.0001,60355.416840278456,21:27:39.7995,321.915831432405,04:19:46.5006,4.32958349033751,True,-27.01485,51.49253,2_(summed),198.4,1250.15625,1200.3125,1400,0.3125,320,100,1_of_1,0.165,2400,3024193,0.47616,599.9998912,32,1280,320,3072000,768000,0,False,327,60355.42378472164,FRB20240114A_L1_Band_2024_02_15_11_00_14.txt
148,dwi_FRB20240114A_PV_Band_2024_02_15_11_10_15_149,no0001,dw,FRB20240114A,2024-02-15T10:10:16,60355.423796296294,21:27:39.7995,321.915831432405,04:19:46.5006,4.32958349033751,True,-23.90483,50.84059,2_(summed),192.0,410.0625,400.125,1400,0.125,160,20,1_of_1,0.503,2400,3125000,0.4608,600.0,32,640,160,1536000,384000,0,False,327,60355.43074074074,FRB20240114A_PV_Band_2024_02_15_11_10_15.txt
28,dwi_FRB20240114A_L1_Band_2024_02_15_11_10_15_29,no0001,dw,FRB20240114A,2024-02-15T10:10:16.0001,60355.42379629709,21:27:39.7995,321.915831432405,04:19:46.5006,4.32958349033751,True,-23.90483,50.84059,2_(summed),198.4,1250.15625,1200.3125,1400,0.3125,320,100,1_of_1,0.165,2400,3024193,0.47616,599.9998912,32,1280,320,3072000,768000,0,False,327,60355.430740740274,FRB20240114A_L1_Band_2024_02_15_11_10_15.txt
149,dwi_FRB20240114A_PV_Band_2024_02_15_11_20_16_150,no0001,dw,FRB20240114A,2024-02-15T10:20:17,60355.430752314816,21:27:39.7995,321.915831432405,04:19:46.6005,4.32961123798101,True,-20.74246,50.26444,2_(summed),192.0,410.0625,400.125,1400,0.125,160,20,1_of_1,0.503,2400,3101893,0.4608,595.563456,32,640,160,1536000,384000,0,False,327,60355.43764541037,FRB20240114A_PV_Band_2024_02_15_11_20_16.txt
29,dwi_FRB20240114A_L1_Band_2024_02_15_11_20_16_30,no0001,dw,FRB20240114A,2024-02-15T10:20:17.0001,60355.43075231554,21:27:39.7995,321.915831432405,04:19:46.6005,4.32961123798101,True,-20.74246,50.26444,2_(summed),198.4,1250.15625,1200.3125,1400,0.3125,320,100,1_of_1,0.165,2400,3024193,0.47616,599.9998912,32,1280,320,3072000,768000,0,False,327,60355.43769675872,FRB20240114A_L1_Band_2024_02_15_11_20_16.txt
30,dwi_FRB20240114A_L1_Band_2024_02_15_11_30_17_31,no0001,dw,FRB20240114A,2024-02-15T10:30:18.0001,60355.437708334255,21:27:39.7995,321.915831432405,04:19:46.5006,4.32958349033751,True,-17.53264,49.76718,2_(summed),198.4,1250.15625,1200.3125,1400,0.3125,320,100,1_of_1,0.165,2400,3024193,0.47616,599.9998912,32,1280,320,3072000,768000,0,False,327,60355.44465277744,FRB20240114A_L1_Band_2024_02_15_11_30_17.txt
150,dwi_FRB20240114A_PV_Band_2024_02_15_11_50_13_151,no0001,dw,FRB20240114A,2024-02-15T10:50:21,60355.45163194445,21:27:39.7995,321.915831432405,04:19:46.5006,4.32958349033751,True,-10.98876,49.01918,2_(summed),192.0,410.0625,400.125,1400,0.125,160,20,1_of_1,0.503,2400,3125000,0.4608,600.0,32,640,160,1536000,384000,0,False,327,60355.4585763889,FRB20240114A_PV_Band_2024_02_15_11_50_13.txt
31,dwi_FRB20240114A_L1_Band_2024_02_15_11_50_13_32,no0001,dw,FRB20240114A,2024-02-15T10:50:25,60355.451678240745,21:27:39.7995,321.915831432405,04:19:46.4007,4.329555742694,True,-10.96654,49.01726,2_(summed),198.4,1250.15625,1200.3125,1400,0.3125,320,100,1_of_1,0.165,2400,3024193,0.47616,599.9998912,32,1280,320,3072000,768000,0,False,327,60355.45862268393,FRB20240114A_L1_Band_2024_02_15_11_50_13.txt
151,dwi_FRB20240114A_PV_Band_2024_02_15_12_00_21_152,no0001,dw,FRB20240114A,2024-02-15T11:00:22,60355.45858796297,21:27:39.7995,321.915831432405,04:19:46.5006,4.32958349033751,True,-7.67397,48.77319,2_(summed),192.0,410.0625,400.125,1400,0.125,160,20,1_of_1,0.503,2400,3125000,0.4608,600.0,32,640,160,1536000,384000,0,False,327,60355.46553240741,FRB20240114A_PV_Band_2024_02_15_12_00_21.txt
32,dwi_FRB20240114A_L1_Band_2024_02_15_12_00_25_33,no0001,dw,FRB20240114A,2024-02-15T11:00:26,60355.458634259725,21:27:39.7995,321.915831432405,04:19:46.5006,4.32958349033751,True,-7.651581,48.77189,2_(summed),198.4,1250.15625,1200.3125,1400,0.3125,320,100,1_of_1,0.165,2400,3024193,0.47616,599.9998912,32,1280,320,3072000,768000,0,False,327,60355.46557870291,FRB20240114A_L1_Band_2024_02_15_12_00_25.txt
152,dwi_FRB20240114A_PV_Band_2024_02_15_12_10_22_153,no0001,dw,FRB20240114A,2024-02-15T11:10:23,60355.46554398148,21:27:39.7995,321.915831432405,04:19:46.5006,4.32958349033751,True,-4.339219,48.61449,2_(summed),192.0,410.0625,400.125,1400,0.125,160,20,1_of_1,0.503,2400,3125000,0.4608,600.0,32,640,160,1536000,384000,0,False,327,60355.47248842593,FRB20240114A_PV_Band_2024_02_15_12_10_22.txt
153,dwi_FRB20240114A_PV_Band_2024_02_15_12_20_23_154,no0001,dw,FRB20240114A,2024-02-15T11:20:24,60355.4725,21:27:39.7995,321.915831432405,04:19:46.4007,4.329555742694,True,-0.9935808,48.54391,2_(summed),192.0,410.0625,400.125,1400,0.125,160,20,1_of_1,0.503,2400,3125000,0.4608,600.0,32,640,160,1536000,384000,0,False,327,60355.47944444445,FRB20240114A_PV_Band_2024_02_15_12_20_23.txt
154,dwi_FRB20240114A_PV_Band_2024_02_15_12_30_24_155,no0001,dw,FRB20240114A,2024-02-15T11:30:25,60355.479456018526,21:27:39.7995,321.915831432405,04:19:46.4007,4.329555742694,True,2.355206,48.56195,2_(summed),192.0,410.0625,400.125,1400,0.125,160,20,1_of_1,0.503,2400,1153541,0.4608,221.479872,32,640,160,1536000,384000,0,False,327,60355.48201944297,FRB20240114A_PV_Band_2024_02_15_12_30_24.txt
33,dwi_FRB20240114A_L1_Band_2024_02_15_12_34_12_34,no0001,dw,FRB20240114A,2024-02-15T11:34:23,60355.48221064838,21:27:39.8979,321.916241243755,04:19:46.4007,4.329555742694,True,3.679355,48.59353,2_(summed),198.4,1250.15625,1200.3125,1400,0.3125,320,100,1_of_1,0.165,2400,3024193,0.47616,599.9998912,32,1280,320,3072000,768000,0,False,327,60355.48915509156,FRB20240114A_L1_Band_2024_02_15_12_34_12.txt
155,dwi_FRB20240114A_PV_Band_2024_02_15_12_34_12_156,no0001,dw,FRB20240114A,2024-02-15T11:34:24,60355.48222222223,21:27:39.8979,321.916241243755,04:19:46.5006,4.32958349033751,True,3.684914,48.59368,2_(summed),192.0,410.0625,400.125,1400,0.125,160,20,1_of_1,0.503,2400,3125000,0.4608,600.0,32,640,160,1536000,384000,0,False,327,60355.48916666667,FRB20240114A_PV_Band_2024_02_15_12_34_12.txt
156,dwi_FRB20240114A_PV_Band_2024_02_15_12_47_08_157,no0001,dw,FRB20240114A,2024-02-15T11:47:20,60355.49120370371,21:27:39.7995,321.915831432405,04:19:46.4007,4.329555742694,True,7.991396,48.79296,2_(summed),192.0,410.0625,400.125,1400,0.125,160,20,1_of_1,0.503,2400,370526,0.4608,71.140992,32,640,160,1536000,384000,0,False,327,60355.49202709482,FRB20240114A_PV_Band_2024_02_15_12_47_08.txt
157,dwi_FRB20240114A_PV_Band_2024_02_15_12_53_19_158,no0001,dw,FRB20240114A,2024-02-15T11:53:29,60355.49547453704,21:27:39.7995,321.915831432405,04:19:46.2992,4.32952756816368,True,10.02782,48.93883,2_(summed),192.0,410.0625,400.125,1400,0.125,160,20,1_of_1,0.503,2400,3125000,0.4608,600.0,32,640,160,1536000,384000,0,False,327,60355.50241898149,FRB20240114A_PV_Band_2024_02_15_12_53_19.txt
34,dwi_FRB20240114A_L1_Band_2024_02_15_12_53_19_35,no0001,dw,FRB20240114A,2024-02-15T11:53:31,60355.49549768519,21:27:39.8979,321.916241243755,04:19:46.1994,4.32949982052017,True,10.03891,48.93971,2_(summed),198.4,1250.15625,1200.3125,1400,0.3125,320,100,1_of_1,0.165,2400,3024193,0.47616,599.9998912,32,1280,320,3072000,768000,0,False,327,60355.502442128374,FRB20240114A_L1_Band_2024_02_15_12_53_19.txt
158,dwi_FRB20240114A_PV_Band_2024_02_15_13_03_29_159,no0001,dw,FRB20240114A,2024-02-15T12:03:30,60355.502430555556,21:27:39.8979,321.916241243755,04:19:46.2992,4.32952756816368,True,13.32368,49.24575,2_(summed),192.0,410.0625,400.125,1400,0.125,160,20,1_of_1,0.503,2400,3125000,0.4608,600.0,32,640,160,1536000,384000,0,False,327,60355.509375,FRB20240114A_PV_Band_2024_02_15_13_03_29.txt
35,dwi_FRB20240114A_L1_Band_2024_02_15_13_03_31_36,no0001,dw,FRB20240114A,2024-02-15T12:03:32,60355.50245370419,21:27:39.7995,321.915831432405,04:19:46.5006,4.32958349033751,True,13.33484,49.24693,2_(summed),198.4,1250.15625,1200.3125,1400,0.3125,320,100,1_of_1,0.165,2400,3024193,0.47616,599.9998912,32,1280,320,3072000,768000,0,False,327,60355.50939814738,FRB20240114A_L1_Band_2024_02_15_13_03_31.txt
159,dwi_FRB20240114A_PV_Band_2024_02_15_13_13_30_160,no0001,dw,FRB20240114A,2024-02-15T12:13:31,60355.50938657408,21:27:39.7995,321.915831432405,04:19:46.4007,4.329555742694,True,16.58648,49.63721,2_(summed),192.0,410.0625,400.125,1400,0.125,160,20,1_of_1,0.503,2400,711903,0.4608,136.685376,32,640,160,1536000,384000,0,False,327,60355.51096858075,FRB20240114A_PV_Band_2024_02_15_13_13_30.txt
36,dwi_FRB20240114A_L1_Band_2024_02_15_13_13_32_37,no0001,dw,FRB20240114A,2024-02-15T12:13:33.0001,60355.50940972289,21:27:39.7995,321.915831432405,04:19:46.2992,4.32952756816368,True,16.59698,49.63865,2_(summed),198.4,1250.15625,1200.3125,1400,0.3125,320,100,1_of_1,0.165,2400,678891,0.47616,134.6919744,32,1280,320,3072000,768000,0,False,327,60355.51096865778,FRB20240114A_L1_Band_2024_02_15_13_13_32.txt
160,dwi_FRB20240114A_PV_Band_2024_02_15_14_40_48_161,no0001,dw,FRB20240114A,2024-02-15T13:41:02.65427e-07,60355.57013888889,21:27:40.8028,321.920011508177,04:21:00.0007,4.35000020642714,True,42.89972,56.20295,2_(summed),192.0,410.0625,400.125,1400,0.125,160,20,1_of_1,0.503,2400,2060981,0.4608,395.708352,32,640,160,1536000,384000,0,False,327,60355.57471884667,FRB20240114A_PV_Band_2024_02_15_14_40_48.txt
161,dwi_FRB20240114A_PV_Band_2024_02_16_09_49_42_162,no0001,dw,FRB20240114A,2024-02-16T08:49:52,60356.36796296296,21:27:40.8028,321.920011508177,04:21:00.2005,4.35005570171415,True,-46.14282,57.4743,2_(summed),192.0,410.0625,400.125,1400,0.125,160,20,1_of_1,0.503,2400,927653,0.4608,178.109376,32,640,160,1536000,384000,0,False,327,60356.37002441407,FRB20240114A_PV_Band_2024_02_16_09_49_42.txt
162,dwi_FRB20240114A_PV_Band_2024_02_16_09_53_37_163,no0001,dw,FRB20240114A,2024-02-16T08:53:46,60356.3706712963,21:27:40.8028,321.920011508177,04:21:00.2005,4.35005570171415,True,-45.09647,57.05233,2_(summed),192.0,410.0625,400.125,1400,0.125,160,20,1_of_1,0.503,2400,1082440,0.4608,207.82848,32,640,160,1536000,384000,0,False,327,60356.373076718526,FRB20240114A_PV_Band_2024_02_16_09_53_37.txt
163,dwi_FRB20240114A_PV_Band_2024_02_16_10_04_40_164,no0001,dw,FRB20240114A,2024-02-16T09:04:49,60356.37834490741,21:27:40.8028,321.920011508177,04:21:00.5002,4.35013894464466,True,-42.08155,55.899,2_(summed),192.0,410.0625,400.125,1400,0.125,160,20,1_of_1,0.503,2400,3125000,0.4608,600.0,32,640,160,1536000,384000,0,False,327,60356.385289351856,FRB20240114A_PV_Band_2024_02_16_10_04_40.txt
37,dwi_FRB20240114A_L1_Band_2024_02_16_10_04_40_38,no0001,dw,FRB20240114A,2024-02-16T09:04:52,60356.37837962987,21:27:40.6979,321.919574376071,04:21:00.0007,4.35000020642714,True,-42.06677,55.89377,2_(summed),198.4,1250.15625,1200.3125,1400,0.3125,320,100,1_of_1,0.165,2400,3024193,0.47616,599.9998912,32,1280,320,3072000,768000,0,False,327,60356.38532407305,FRB20240114A_L1_Band_2024_02_16_10_04_40.txt
164,dwi_FRB20240114A_PV_Band_2024_02_16_10_14_49_165,no0001,dw,FRB20240114A,2024-02-16T09:14:50,60356.38530092593,21:27:40.8028,321.920011508177,04:21:00.1006,4.35002795407065,True,-39.2824,54.91055,2_(summed),192.0,410.0625,400.125,1400,0.125,160,20,1_of_1,0.503,2400,3125000,0.4608,600.0,32,640,160,1536000,384000,0,False,327,60356.39224537038,FRB20240114A_PV_Band_2024_02_16_10_14_49.txt
165,dwi_FRB20240114A_PV_Band_2024_02_16_10_24_50_166,no0001,dw,FRB20240114A,2024-02-16T09:24:51,60356.39225694445,21:27:40.6979,321.919574376071,04:21:00.1006,4.35002795407065,True,-36.42011,53.97996,2_(summed),192.0,410.0625,400.125,1400,0.125,160,20,1_of_1,0.503,2400,3125000,0.4608,600.0,32,640,160,1536000,384000,0,False,327,60356.39920138889,FRB20240114A_PV_Band_2024_02_16_10_24_50.txt
166,dwi_FRB20240114A_PV_Band_2024_02_16_10_34_51_167,no0001,dw,FRB20240114A,2024-02-16T09:34:52,60356.39921296296,21:27:40.8028,321.920011508177,04:21:00.4003,4.35011119700116,True,-33.4954,53.11104,2_(summed),192.0,410.0625,400.125,1400,0.125,160,20,1_of_1,0.503,2400,488158,0.4608,93.726336,32,640,160,1536000,384000,0,False,327,60356.40029775852,FRB20240114A_PV_Band_2024_02_16_10_34_51.txt
167,dwi_FRB20240114A_PV_Band_2024_02_16_10_36_28_168,no0001,dw,FRB20240114A,2024-02-16T09:36:38,60356.40043981482,21:27:40.8028,321.920011508177,04:21:00.1006,4.35002795407065,True,-32.97339,52.96445,2_(summed),192.0,410.0625,400.125,1400,0.125,160,20,1_of_1,0.503,2400,2218666,0.4608,425.983872,32,640,160,1536000,384000,0,False,327,60356.405370183704,FRB20240114A_PV_Band_2024_02_16_10_36_28.txt
168,dwi_FRB20240114A_PV_Band_2024_02_16_10_43_54_169,no0001,dw,FRB20240114A,2024-02-16T09:44:04,60356.40560185185,21:27:40.8028,321.920011508177,04:21:00.4003,4.35011119700116,True,-30.75516,52.37032,2_(summed),192.0,410.0625,400.125,1400,0.125,160,20,1_of_1,0.503,2400,3125000,0.4608,600.0,32,640,160,1536000,384000,0,False,327,60356.4125462963,FRB20240114A_PV_Band_2024_02_16_10_43_54.txt
38,dwi_FRB20240114A_L1_Band_2024_02_16_10_43_54_39,no0001,dw,FRB20240114A,2024-02-16T09:44:06.00002,60356.40562500023,21:27:40.9011,321.920421319528,04:21:00.7000,4.35019443993166,True,-30.74501,52.36773,2_(summed),198.4,1250.15625,1200.3125,1400,0.3125,320,100,1_of_1,0.165,2400,3024193,0.47616,599.9998912,32,1280,320,3072000,768000,0,False,327,60356.41256944342,FRB20240114A_L1_Band_2024_02_16_10_43_54.txt
169,dwi_FRB20240114A_PV_Band_2024_02_16_10_54_04_170,no0001,dw,FRB20240114A,2024-02-16T09:54:05,60356.41255787037,21:27:40.8028,321.920011508177,04:21:00.3004,4.35008344935765,True,-27.71339,51.62963,2_(summed),192.0,410.0625,400.125,1400,0.125,160,20,1_of_1,0.503,2400,3125000,0.4608,600.0,32,640,160,1536000,384000,0,False,327,60356.41950231481,FRB20240114A_PV_Band_2024_02_16_10_54_04.txt
39,dwi_FRB20240114A_L1_Band_2024_02_16_10_54_06_40,no0001,dw,FRB20240114A,2024-02-16T09:54:07.00005,60356.412581019074,21:27:40.8028,321.920011508177,04:21:00.1006,4.35002795407065,True,-27.70351,51.62729,2_(summed),198.4,1250.15625,1200.3125,1400,0.3125,320,100,1_of_1,0.165,2400,3024193,0.47616,599.9998912,32,1280,320,3072000,768000,0,False,327,60356.41952546226,FRB20240114A_L1_Band_2024_02_16_10_54_06.txt
170,dwi_FRB20240114A_PV_Band_2024_02_16_11_04_05_171,no0001,dw,FRB20240114A,2024-02-16T10:04:06,60356.41951388889,21:27:40.8028,321.920011508177,04:21:00.2005,4.35005570171415,True,-24.61567,50.96081,2_(summed),192.0,410.0625,400.125,1400,0.125,160,20,1_of_1,0.503,2400,3125000,0.4608,600.0,32,640,160,1536000,384000,0,False,327,60356.426458333335,FRB20240114A_PV_Band_2024_02_16_11_04_05.txt
40,dwi_FRB20240114A_L1_Band_2024_02_16_11_04_07_41,no0001,dw,FRB20240114A,2024-02-16T10:04:08.00009,60356.41953703805,21:27:40.8028,321.920011508177,04:21:00.2005,4.35005570171415,True,-24.60505,50.95872,2_(summed),198.4,1250.15625,1200.3125,1400,0.3125,320,100,1_of_1,0.165,2400,3024193,0.47616,599.9998912,32,1280,320,3072000,768000,0,False,327,60356.426481481234,FRB20240114A_L1_Band_2024_02_16_11_04_07.txt
171,dwi_FRB20240114A_PV_Band_2024_02_16_11_14_06_172,no0001,dw,FRB20240114A,2024-02-16T10:14:07,60356.42646990741,21:27:40.8028,321.920011508177,04:21:00.2005,4.35005570171415,True,-21.46403,50.36726,2_(summed),192.0,410.0625,400.125,1400,0.125,160,20,1_of_1,0.503,2400,3125000,0.4608,600.0,32,640,160,1536000,384000,0,False,327,60356.43341435186,FRB20240114A_PV_Band_2024_02_16_11_14_06.txt
41,dwi_FRB20240114A_L1_Band_2024_02_16_11_14_08_42,no0001,dw,FRB20240114A,2024-02-16T10:14:09.00002,60356.426493055784,21:27:40.9011,321.920421319528,04:21:00.5002,4.35013894464466,True,-21.45348,50.36539,2_(summed),198.4,1250.15625,1200.3125,1400,0.3125,320,100,1_of_1,0.165,2400,3024193,0.47616,599.9998912,32,1280,320,3072000,768000,0,False,327,60356.43343749897,FRB20240114A_L1_Band_2024_02_16_11_14_08.txt
172,dwi_FRB20240114A_PV_Band_2024_02_16_11_24_07_173,no0001,dw,FRB20240114A,2024-02-16T10:24:08,60356.433425925934,21:27:40.8028,321.920011508177,04:21:00.2005,4.35005570171415,True,-18.26274,49.85184,2_(summed),192.0,410.0625,400.125,1400,0.125,160,20,1_of_1,0.503,2400,2786164,0.4608,534.943488,32,640,160,1536000,384000,0,False,327,60356.43961740149,FRB20240114A_PV_Band_2024_02_16_11_24_07.txt
42,dwi_FRB20240114A_L1_Band_2024_02_16_11_24_09_43,no0001,dw,FRB20240114A,2024-02-16T10:24:10,60356.433449074626,21:27:40.8028,321.920011508177,04:21:00.0007,4.35000020642714,True,-18.2522,49.85028,2_(summed),198.4,1250.15625,1200.3125,1400,0.3125,320,100,1_of_1,0.165,2400,3024193,0.47616,599.9998912,32,1280,320,3072000,768000,0,False,327,60356.44039351781,FRB20240114A_L1_Band_2024_02_16_11_24_09.txt
173,dwi_FRB20240114A_PV_Band_2024_02_16_11_34_35_174,no0001,dw,FRB20240114A,2024-02-16T10:34:47,60356.44082175926,21:27:40.9011,321.920421319528,04:21:00.2005,4.35005570171415,True,-14.81324,49.39286,2_(summed),192.0,410.0625,400.125,1400,0.125,160,20,1_of_1,0.503,2400,3125000,0.4608,600.0,32,640,160,1536000,384000,0,False,327,60356.4477662037,FRB20240114A_PV_Band_2024_02_16_11_34_35.txt
43,dwi_FRB20240114A_L1_Band_2024_02_16_11_34_35_44,no0001,dw,FRB20240114A,2024-02-16T10:34:47,60356.44082175949,21:27:40.9011,321.920421319528,04:21:00.2005,4.35005570171415,True,-14.81324,49.39286,2_(summed),198.4,1250.15625,1200.3125,1400,0.3125,320,100,1_of_1,0.165,2400,3024193,0.47616,599.9998912,32,1280,320,3072000,768000,0,False,327,60356.44776620268,FRB20240114A_L1_Band_2024_02_16_11_34_35.txt
174,dwi_FRB20240114A_PV_Band_2024_02_16_11_44_47_175,no0001,dw,FRB20240114A,2024-02-16T10:44:48,60356.44777777778,21:27:40.8028,321.920011508177,04:21:00.1006,4.35002795407065,True,-11.53025,49.04718,2_(summed),192.0,410.0625,400.125,1400,0.125,160,20,1_of_1,0.503,2400,3125000,0.4608,600.0,32,640,160,1536000,384000,0,False,327,60356.454722222225,FRB20240114A_PV_Band_2024_02_16_11_44_47.txt
44,dwi_FRB20240114A_L1_Band_2024_02_16_11_44_47_45,no0001,dw,FRB20240114A,2024-02-16T10:44:48,60356.44777777791,21:27:40.8028,321.920011508177,04:21:00.1006,4.35002795407065,True,-11.53025,49.04718,2_(summed),198.4,1250.15625,1200.3125,1400,0.3125,320,100,1_of_1,0.165,2400,3024193,0.47616,599.9998912,32,1280,320,3072000,768000,0,False,327,60356.4547222211,FRB20240114A_L1_Band_2024_02_16_11_44_47.txt
175,dwi_FRB20240114A_PV_Band_2024_02_16_11_54_48_176,no0001,dw,FRB20240114A,2024-02-16T10:54:49,60356.4547337963,21:27:40.8028,321.920011508177,04:21:00.2005,4.35005570171415,True,-8.218821,48.78705,2_(summed),192.0,410.0625,400.125,1400,0.125,160,20,1_of_1,0.503,2400,3125000,0.4608,600.0,32,640,160,1536000,384000,0,False,327,60356.46167824075,FRB20240114A_PV_Band_2024_02_16_11_54_48.txt
45,dwi_FRB20240114A_L1_Band_2024_02_16_11_54_48_46,no0001,dw,FRB20240114A,2024-02-16T10:54:49.0001,60356.454733797145,21:27:40.8028,321.920011508177,04:21:00.2005,4.35005570171415,True,-8.218821,48.78705,2_(summed),198.4,1250.15625,1200.3125,1400,0.3125,320,100,1_of_1,0.165,2400,3024193,0.47616,599.9998912,32,1280,320,3072000,768000,0,False,327,60356.46167824033,FRB20240114A_L1_Band_2024_02_16_11_54_48.txt
176,dwi_FRB20240114A_PV_Band_2024_02_16_12_04_49_177,no0001,dw,FRB20240114A,2024-02-16T11:04:50,60356.461689814816,21:27:40.6979,321.919574376071,04:21:00.0007,4.35000020642714,True,-4.885771,48.61401,2_(summed),192.0,410.0625,400.125,1400,0.125,160,20,1_of_1,0.503,2400,3125000,0.4608,600.0,32,640,160,1536000,384000,0,False,327,60356.46863425926,FRB20240114A_PV_Band_2024_02_16_12_04_49.txt
46,dwi_FRB20240114A_L1_Band_2024_02_16_12_04_49_47,no0001,dw,FRB20240114A,2024-02-16T11:04:50.0001,60356.4616898157,21:27:40.6979,321.919574376071,04:21:00.0007,4.35000020642714,True,-4.885771,48.61401,2_(summed),198.4,1250.15625,1200.3125,1400,0.3125,320,100,1_of_1,0.165,2400,3024193,0.47616,599.9998912,32,1280,320,3072000,768000,0,False,327,60356.46863425888,FRB20240114A_L1_Band_2024_02_16_12_04_49.txt
177,dwi_FRB20240114A_PV_Band_2024_02_16_12_14_50_178,no0001,dw,FRB20240114A,2024-02-16T11:14:51,60356.46864583333,21:27:40.9011,321.920421319528,04:21:00.0007,4.35000020642714,True,-1.540904,48.529,2_(summed),192.0,410.0625,400.125,1400,0.125,160,20,1_of_1,0.503,2400,690007,0.4608,132.481344,32,640,160,1536000,384000,0,False,327,60356.47017918222,FRB20240114A_PV_Band_2024_02_16_12_14_50.txt
47,dwi_FRB20240114A_L1_Band_2024_02_16_12_14_50_48,no0001,dw,FRB20240114A,2024-02-16T11:14:51,60356.4686458336,21:27:40.9011,321.920421319528,04:21:00.0007,4.35000020642714,True,-1.540904,48.529,2_(summed),198.4,1250.15625,1200.3125,1400,0.3125,320,100,1_of_1,0.165,2400,1084033,0.47616,215.0721472,32,1280,320,3072000,768000,0,False,327,60356.471135094565,FRB20240114A_L1_Band_2024_02_16_12_14_50.txt
48,dwi_FRB20240114A_L1_Band_2024_02_16_12_18_32_49,no0001,dw,FRB20240114A,2024-02-16T11:18:43,60356.47133101875,21:27:40.8028,321.920011508177,04:21:00.1006,4.35002795407065,True,-0.2469045,48.51982,2_(summed),198.4,1250.15625,1200.3125,1400,0.3125,320,100,1_of_1,0.165,2400,3024193,0.47616,599.9998912,32,1280,320,3072000,768000,0,False,327,60356.47827546194,FRB20240114A_L1_Band_2024_02_16_12_18_32.txt
178,dwi_FRB20240114A_PV_Band_2024_02_16_12_18_32_179,no0001,dw,FRB20240114A,2024-02-16T11:18:44,60356.471342592595,21:27:40.5995,321.91916456472,04:21:00.1006,4.35002795407065,True,-0.2411535,48.51982,2_(summed),192.0,410.0625,400.125,1400,0.125,160,20,1_of_1,0.503,2400,3125000,0.4608,600.0,32,640,160,1536000,384000,0,False,327,60356.47828703704,FRB20240114A_PV_Band_2024_02_16_12_18_32.txt
49,dwi_FRB20240114A_L1_Band_2024_02_16_12_28_43_50,no0001,dw,FRB20240114A,2024-02-16T11:28:44.0001,60356.478287037826,21:27:40.6979,321.919574376071,04:21:00.2005,4.35005570171415,True,3.10137,48.55758,2_(summed),198.4,1250.15625,1200.3125,1400,0.3125,320,100,1_of_1,0.165,2400,3024193,0.47616,599.9998912,32,1280,320,3072000,768000,0,False,327,60356.48523148101,FRB20240114A_L1_Band_2024_02_16_12_28_43.txt
179,dwi_FRB20240114A_PV_Band_2024_02_16_12_28_44_180,no0001,dw,FRB20240114A,2024-02-16T11:28:45,60356.47829861111,21:27:40.8028,321.920011508177,04:21:00.2005,4.35005570171415,True,3.106882,48.55771,2_(summed),192.0,410.0625,400.125,1400,0.125,160,20,1_of_1,0.503,2400,3125000,0.4608,600.0,32,640,160,1536000,384000,0,False,327,60356.485243055555,FRB20240114A_PV_Band_2024_02_16_12_28_44.txt
180,dwi_FRB20240114A_PV_Band_2024_02_16_12_38_45_181,no0001,dw,FRB20240114A,2024-02-16T11:38:46,60356.48525462963,21:27:40.8028,321.920011508177,04:21:00.1006,4.35002795407065,True,6.447678,48.68407,2_(summed),192.0,410.0625,400.125,1400,0.125,160,20,1_of_1,0.503,2400,2352054,0.4608,451.594368,32,640,160,1536000,384000,0,False,327,60356.490481416295,FRB20240114A_PV_Band_2024_02_16_12_38_45.txt
181,dwi_FRB20240114A_PV_Band_2024_02_20_09_12_21_182,no0001,dw,FRB20240114A,2024-02-20T08:12:33,60360.34204861111,21:27:40.8028,321.920011508177,04:21:00.0007,4.35000020642714,True,-51.76923,59.9389,2_(summed),192.0,410.0625,400.125,1400,0.125,160,20,1_of_1,0.503,2400,3125000,0.4608,600.0,32,640,160,1536000,384000,0,False,327,60360.34899305556,FRB20240114A_PV_Band_2024_02_20_09_12_21.txt
182,dwi_FRB20240114A_PV_Band_2024_02_20_09_22_33_183,no0001,dw,FRB20240114A,2024-02-20T08:22:34,60360.349004629636,21:27:40.8028,321.920011508177,04:21:00.3004,4.35008344935765,True,-49.19298,58.76942,2_(summed),192.0,410.0625,400.125,1400,0.125,160,20,1_of_1,0.503,2400,1817598,0.4608,348.978816,32,640,160,1536000,384000,0,False,327,60360.3530437363,FRB20240114A_PV_Band_2024_02_20_09_22_33.txt
50,dwi_FRB20240114A_L1_Band_2024_02_20_09_28_42_51,no0001,dw,FRB20240114A,2024-02-20T08:28:53,60360.353391203935,21:27:40.8028,321.920011508177,04:21:00.2005,4.35005570171415,True,-47.53816,58.05478,2_(summed),198.4,1250.15625,1200.3125,1400,0.3125,320,100,1_of_1,0.165,2400,3024193,0.47616,599.9998912,32,1280,320,3072000,768000,0,False,327,60360.36033564712,FRB20240114A_L1_Band_2024_02_20_09_28_42.txt
183,dwi_FRB20240114A_PV_Band_2024_02_20_09_28_41_184,no0001,dw,FRB20240114A,2024-02-20T08:28:54,60360.35340277778,21:27:40.8028,321.920011508177,04:21:00.3004,4.35008344935765,True,-47.53372,58.05291,2_(summed),192.0,410.0625,400.125,1400,0.125,160,20,1_of_1,0.503,2400,2159804,0.4608,414.682368,32,640,160,1536000,384000,0,False,327,60360.35820234222,FRB20240114A_PV_Band_2024_02_20_09_28_41.txt
184,dwi_FRB20240114A_PV_Band_2024_02_20_09_36_11_185,no0001,dw,FRB20240114A,2024-02-20T08:36:12,60360.35847222223,21:27:40.8028,321.920011508177,04:21:00.4003,4.35011119700116,True,-45.59134,57.25056,2_(summed),192.0,410.0625,400.125,1400,0.125,160,20,1_of_1,0.503,2400,2570513,0.4608,493.538496,32,640,160,1536000,384000,0,False,327,60360.36418447334,FRB20240114A_PV_Band_2024_02_20_09_36_11.txt
51,dwi_FRB20240114A_L1_Band_2024_02_20_09_38_57_52,no0001,dw,FRB20240114A,2024-02-20T08:38:58.0001,60360.3603935194,21:27:40.8028,321.920011508177,04:21:00.0007,4.35000020642714,True,-44.84655,56.95329,2_(summed),198.4,1250.15625,1200.3125,1400,0.3125,320,100,1_of_1,0.165,2400,3024193,0.47616,599.9998912,32,1280,320,3072000,768000,0,False,327,60360.36733796258,FRB20240114A_L1_Band_2024_02_20_09_38_57.txt
185,dwi_FRB20240114A_PV_Band_2024_02_20_09_44_34_186,no0001,dw,FRB20240114A,2024-02-20T08:44:35,60360.36429398149,21:27:40.8028,321.920011508177,04:21:00.5002,4.35013894464466,True,-43.32038,56.36176,2_(summed),192.0,410.0625,400.125,1400,0.125,160,20,1_of_1,0.503,2400,3125000,0.4608,600.0,32,640,160,1536000,384000,0,False,327,60360.371238425934,FRB20240114A_PV_Band_2024_02_20_09_44_34.txt
52,dwi_FRB20240114A_L1_Band_2024_02_20_09_49_00_53,no0001,dw,FRB20240114A,2024-02-20T08:49:01.0001,60360.367372686305,21:27:40.8028,321.920011508177,04:21:00.2005,4.35005570171415,True,-42.1017,55.90659,2_(summed),198.4,1250.15625,1200.3125,1400,0.3125,320,100,1_of_1,0.165,2400,3024193,0.47616,599.9998912,32,1280,320,3072000,768000,0,False,327,60360.37431712949,FRB20240114A_L1_Band_2024_02_20_09_49_00.txt
186,dwi_FRB20240114A_PV_Band_2024_02_20_09_54_35_187,no0001,dw,FRB20240114A,2024-02-20T08:54:36,60360.371250000004,21:27:40.8028,321.920011508177,04:21:00.0007,4.35000020642714,True,-40.54945,55.34843,2_(summed),192.0,410.0625,400.125,1400,0.125,160,20,1_of_1,0.503,2400,2528947,0.4608,485.557824,32,640,160,1536000,384000,0,False,327,60360.376869882224,FRB20240114A_PV_Band_2024_02_20_09_54_35.txt
53,dwi_FRB20240114A_L1_Band_2024_02_20_09_59_03_54,no0001,dw,FRB20240114A,2024-02-20T08:59:04.00009,60360.37435185288,21:27:40.9011,321.920421319528,04:21:00.6001,4.35016669228816,True,-39.29397,54.91448,2_(summed),198.4,1250.15625,1200.3125,1400,0.3125,320,100,1_of_1,0.165,2400,3024193,0.47616,599.9998912,32,1280,320,3072000,768000,0,False,327,60360.381296296066,FRB20240114A_L1_Band_2024_02_20_09_59_03.txt
187,dwi_FRB20240114A_PV_Band_2024_02_20_10_02_50_188,no0001,dw,FRB20240114A,2024-02-20T09:02:51,60360.37697916667,21:27:40.8028,321.920011508177,04:21:00.2005,4.35005570171415,True,-38.22029,54.55589,2_(summed),192.0,410.0625,400.125,1400,0.125,160,20,1_of_1,0.503,2400,3125000,0.4608,600.0,32,640,160,1536000,384000,0,False,327,60360.383923611116,FRB20240114A_PV_Band_2024_02_20_10_02_50.txt
54,dwi_FRB20240114A_L1_Band_2024_02_20_10_09_05_55,no0001,dw,FRB20240114A,2024-02-20T09:09:06.00009,60360.381319445514,21:27:40.8028,321.920011508177,04:21:00.1006,4.35002795407065,True,-36.42702,53.98221,2_(summed),198.4,1250.15625,1200.3125,1400,0.3125,320,100,1_of_1,0.165,2400,3024193,0.47616,599.9998912,32,1280,320,3072000,768000,0,False,327,60360.3882638887,FRB20240114A_L1_Band_2024_02_20_10_09_05.txt
188,dwi_FRB20240114A_PV_Band_2024_02_20_10_12_51_189,no0001,dw,FRB20240114A,2024-02-20T09:12:52,60360.38393518519,21:27:40.8028,321.920011508177,04:21:00.1006,4.35002795407065,True,-35.33454,53.64798,2_(summed),192.0,410.0625,400.125,1400,0.125,160,20,1_of_1,0.503,2400,3125000,0.4608,600.0,32,640,160,1536000,384000,0,False,327,60360.39087962964,FRB20240114A_PV_Band_2024_02_20_10_12_51.txt
55,dwi_FRB20240114A_L1_Band_2024_02_20_10_19_07_56,no0001,dw,FRB20240114A,2024-02-20T09:19:08.00005,60360.38828703758,21:27:40.8028,321.920011508177,04:21:00.3004,4.35008344935765,True,-33.4974,53.11168,2_(summed),198.4,1250.15625,1200.3125,1400,0.3125,320,100,1_of_1,0.165,2400,3024193,0.47616,599.9998912,32,1280,320,3072000,768000,0,False,327,60360.39523148077,FRB20240114A_L1_Band_2024_02_20_10_19_07.txt
189,dwi_FRB20240114A_PV_Band_2024_02_20_10_23_22_190,no0001,dw,FRB20240114A,2024-02-20T09:23:23,60360.39123842593,21:27:40.8028,321.920011508177,04:21:00.2005,4.35005570171415,True,-32.23782,52.76251,2_(summed),192.0,410.0625,400.125,1400,0.125,160,20,1_of_1,0.503,2400,1549494,0.4608,297.502848,32,640,160,1536000,384000,0,False,327,60360.39468174593,FRB20240114A_PV_Band_2024_02_20_10_23_22.txt
56,dwi_FRB20240114A_L1_Band_2024_02_20_10_29_09_57,no0001,dw,FRB20240114A,2024-02-20T09:29:11,60360.39526620388,21:27:40.8028,321.920011508177,04:21:00.0007,4.35000020642714,True,-30.50112,52.30537,2_(summed),198.4,1250.15625,1200.3125,1400,0.3125,320,100,1_of_1,0.165,2400,3024193,0.47616,599.9998912,32,1280,320,3072000,768000,0,False,327,60360.402210647066,FRB20240114A_L1_Band_2024_02_20_10_29_09.txt
190,dwi_FRB20240114A_PV_Band_2024_02_20_10_29_34_191,no0001,dw,FRB20240114A,2024-02-20T09:29:35,60360.39554398149,21:27:40.9011,321.920421319528,04:21:00.3004,4.35008344935765,True,-30.38099,52.27473,2_(summed),192.0,410.0625,400.125,1400,0.125,160,20,1_of_1,0.503,2400,3125000,0.4608,600.0,32,640,160,1536000,384000,0,False,327,60360.402488425934,FRB20240114A_PV_Band_2024_02_20_10_29_34.txt
57,dwi_FRB20240114A_L1_Band_2024_02_20_10_39_13_58,no0001,dw,FRB20240114A,2024-02-20T09:39:14,60360.40224537088,21:27:40.8028,321.920011508177,04:21:00.0007,4.35000020642714,True,-27.44498,51.56829,2_(summed),198.4,1250.15625,1200.3125,1400,0.3125,320,100,1_of_1,0.165,2400,3024193,0.47616,599.9998912,32,1280,320,3072000,768000,0,False,327,60360.40918981407,FRB20240114A_L1_Band_2024_02_20_10_39_13.txt
191,dwi_FRB20240114A_PV_Band_2024_02_20_10_39_35_192,no0001,dw,FRB20240114A,2024-02-20T09:39:36,60360.402500000004,21:27:40.8028,321.920011508177,04:21:00.0007,4.35000020642714,True,-27.33185,51.54276,2_(summed),192.0,410.0625,400.125,1400,0.125,160,20,1_of_1,0.503,2400,3125000,0.4608,600.0,32,640,160,1536000,384000,0,False,327,60360.40944444445,FRB20240114A_PV_Band_2024_02_20_10_39_35.txt
58,dwi_FRB20240114A_L1_Band_2024_02_20_10_49_14_59,no0001,dw,FRB20240114A,2024-02-20T09:49:15,60360.4092013894,21:27:40.8028,321.920011508177,04:21:00.3004,4.35008344935765,True,-24.34158,50.90591,2_(summed),198.4,1250.15625,1200.3125,1400,0.3125,320,100,1_of_1,0.165,2400,3024193,0.47616,599.9998912,32,1280,320,3072000,768000,0,False,327,60360.41614583258,FRB20240114A_L1_Band_2024_02_20_10_49_14.txt
192,dwi_FRB20240114A_PV_Band_2024_02_20_10_49_36_193,no0001,dw,FRB20240114A,2024-02-20T09:49:37,60360.40945601852,21:27:40.8028,321.920011508177,04:21:00.1006,4.35002795407065,True,-24.22692,50.8831,2_(summed),192.0,410.0625,400.125,1400,0.125,160,20,1_of_1,0.503,2400,3125000,0.4608,600.0,32,640,160,1536000,384000,0,False,327,60360.416400462964,FRB20240114A_PV_Band_2024_02_20_10_49_36.txt
59,dwi_FRB20240114A_L1_Band_2024_02_20_10_59_15_60,no0001,dw,FRB20240114A,2024-02-20T09:59:16,60360.41615740792,21:27:40.8028,321.920011508177,04:21:00.0007,4.35000020642714,True,-21.18533,50.31907,2_(summed),198.4,1250.15625,1200.3125,1400,0.3125,320,100,1_of_1,0.165,2400,3024193,0.47616,599.9998912,32,1280,320,3072000,768000,0,False,327,60360.423101851105,FRB20240114A_L1_Band_2024_02_20_10_59_15.txt
193,dwi_FRB20240114A_PV_Band_2024_02_20_10_59_37_194,no0001,dw,FRB20240114A,2024-02-20T09:59:38,60360.41641203704,21:27:40.8028,321.920011508177,04:21:00.2005,4.35005570171415,True,-21.06902,50.29904,2_(summed),192.0,410.0625,400.125,1400,0.125,160,20,1_of_1,0.503,2400,3125000,0.4608,600.0,32,640,160,1536000,384000,0,False,327,60360.423356481486,FRB20240114A_PV_Band_2024_02_20_10_59_37.txt
60,dwi_FRB20240114A_L1_Band_2024_02_20_11_09_16_61,no0001,dw,FRB20240114A,2024-02-20T10:09:17,60360.42311342644,21:27:40.8028,321.920011508177,04:21:00.1006,4.35002795407065,True,-17.98097,49.81071,2_(summed),198.4,1250.15625,1200.3125,1400,0.3125,320,100,1_of_1,0.165,2400,3024193,0.47616,599.9998912,32,1280,320,3072000,768000,0,False,327,60360.43005786963,FRB20240114A_L1_Band_2024_02_20_11_09_16.txt
194,dwi_FRB20240114A_PV_Band_2024_02_20_11_09_38_195,no0001,dw,FRB20240114A,2024-02-20T10:09:39,60360.42336805556,21:27:40.8028,321.920011508177,04:21:00.0007,4.35000020642714,True,-17.86284,49.79363,2_(summed),192.0,410.0625,400.125,1400,0.125,160,20,1_of_1,0.503,2400,3125000,0.4608,600.0,32,640,160,1536000,384000,0,False,327,60360.43031250001,FRB20240114A_PV_Band_2024_02_20_11_09_38.txt
61,dwi_FRB20240114A_L1_Band_2024_02_20_11_19_17_62,no0001,dw,FRB20240114A,2024-02-20T10:19:18,60360.430069444956,21:27:40.8028,321.920011508177,04:21:00.0007,4.35000020642714,True,-14.73359,49.38352,2_(summed),198.4,1250.15625,1200.3125,1400,0.3125,320,100,1_of_1,0.165,2400,3024193,0.47616,599.9998912,32,1280,320,3072000,768000,0,False,327,60360.43701388814,FRB20240114A_L1_Band_2024_02_20_11_19_17.txt
195,dwi_FRB20240114A_PV_Band_2024_02_20_11_19_39_196,no0001,dw,FRB20240114A,2024-02-20T10:19:40,60360.43032407408,21:27:40.8028,321.920011508177,04:21:00.1006,4.35002795407065,True,-14.6142,49.36948,2_(summed),192.0,410.0625,400.125,1400,0.125,160,20,1_of_1,0.503,2400,3125000,0.4608,600.0,32,640,160,1536000,384000,0,False,327,60360.43726851852,FRB20240114A_PV_Band_2024_02_20_11_19_39.txt
196,dwi_FRB20240114A_PV_Band_2024_02_20_11_29_40_197,no0001,dw,FRB20240114A,2024-02-20T10:29:41,60360.43728009259,21:27:40.8028,321.920011508177,04:21:00.0007,4.35000020642714,True,-11.32943,49.02899,2_(summed),192.0,410.0625,400.125,1400,0.125,160,20,1_of_1,0.503,2400,2607648,0.4608,500.668416,32,640,160,1536000,384000,0,False,327,60360.44307486593,FRB20240114A_PV_Band_2024_02_20_11_29_40.txt
197,dwi_FRB20240114A_PV_Band_2025_01_08_16_29_24_198,no0001,dw,FRB20240114A,2025-01-08T15:29:31,60683.64549768519,21:27:40.8028,321.920011508177,04:19:48.1004,4.33002787952038,True,32.02443,52.72021,2_(summed),192.0,410.0625,400.125,1400,0.125,160,20,1_of_1,0.503,2400,3125000,0.4608,600.0,32,640,160,1536000,384000,0,False,327,60683.652442129634,FRB20240114A_PV_Band_2025_01_08_16_29_24.txt
62,dwi_FRB20240114A_L1_Band_2025_01_08_16_29_24_63,no0001,dw,FRB20240114A,2025-01-08T15:29:48,60683.64569444444,21:27:40.9011,321.920421319528,04:19:47.8007,4.32994463658987,True,32.10881,52.74301,2_(summed),198.4,1250.15625,1200.3125,1400,0.3125,320,100,1_of_1,0.165,2400,3024193,0.47616,599.9998912,32,1280,320,3072000,768000,0,False,327,60683.65263888763,FRB20240114A_L1_Band_2025_01_08_16_29_24.txt
198,dwi_FRB20240114A_PV_Band_2025_01_08_16_39_31_199,no0001,dw,FRB20240114A,2025-01-08T15:39:32,60683.652453703704,21:27:40.9011,321.920421319528,04:19:47.8007,4.32994463658987,True,34.97938,53.55734,2_(summed),192.0,410.0625,400.125,1400,0.125,160,20,1_of_1,0.503,2400,3125000,0.4608,600.0,32,640,160,1536000,384000,0,False,327,60683.65939814815,FRB20240114A_PV_Band_2025_01_08_16_39_31.txt
63,dwi_FRB20240114A_L1_Band_2025_01_08_16_39_48_64,no0001,dw,FRB20240114A,2025-01-08T15:39:49,60683.65265046296,21:27:40.8028,321.920011508177,04:19:48.1004,4.33002787952038,True,35.06213,53.58194,2_(summed),198.4,1250.15625,1200.3125,1400,0.3125,320,100,1_of_1,0.165,2400,3024193,0.47616,599.9998912,32,1280,320,3072000,768000,0,False,327,60683.659594906145,FRB20240114A_L1_Band_2025_01_08_16_39_48.txt
199,dwi_FRB20240114A_PV_Band_2025_01_08_16_49_32_200,no0001,dw,FRB20240114A,2025-01-08T15:49:33,60683.659409722226,21:27:40.8028,321.920011508177,04:19:48.1004,4.33002787952038,True,37.8724,54.45782,2_(summed),192.0,410.0625,400.125,1400,0.125,160,20,1_of_1,0.503,2400,3125000,0.4608,600.0,32,640,160,1536000,384000,0,False,327,60683.66635416667,FRB20240114A_PV_Band_2025_01_08_16_49_32.txt
64,dwi_FRB20240114A_L1_Band_2025_01_08_16_49_49_65,no0001,dw,FRB20240114A,2025-01-08T15:49:50,60683.65960648148,21:27:40.8028,321.920011508177,04:19:48.3001,4.33008337480739,True,37.95315,54.48418,2_(summed),198.4,1250.15625,1200.3125,1400,0.3125,320,100,1_of_1,0.165,2400,396852,0.47616,78.7354368,32,1280,320,3072000,768000,0,False,327,60683.660517771255,FRB20240114A_L1_Band_2025_01_08_16_49_49.txt
65,dwi_FRB20240114A_L1_Band_2025_01_08_16_52_35_66,no0001,dw,FRB20240114A,2025-01-08T15:52:36,60683.661527777775,21:27:40.8028,321.920011508177,04:19:48.1004,4.33002787952038,True,38.74042,54.74403,2_(summed),198.4,1250.15625,1200.3125,1400,0.3125,320,100,1_of_1,0.165,2400,384340,0.47616,76.253056,32,1280,320,3072000,768000,0,False,327,60683.66241033629,FRB20240114A_L1_Band_2025_01_08_16_52_35.txt
66,dwi_FRB20240114A_L1_Band_2025_01_08_16_54_18_67,no0001,dw,FRB20240114A,2025-01-08T15:54:19,60683.66271990741,21:27:40.9011,321.920421319528,04:19:48.0005,4.33000013187687,True,39.22643,54.90749,2_(summed),198.4,1250.15625,1200.3125,1400,0.3125,320,100,1_of_1,0.165,2400,3024193,0.47616,599.9998912,32,1280,320,3072000,768000,0,False,327,60683.66966435059,FRB20240114A_L1_Band_2025_01_08_16_54_18.txt
200,dwi_FRB20240114A_PV_Band_2025_01_08_16_59_33_201,no0001,dw,FRB20240114A,2025-01-08T15:59:34,60683.66636574075,21:27:40.8028,321.920011508177,04:19:48.0005,4.33000013187687,True,40.70208,55.41804,2_(summed),192.0,410.0625,400.125,1400,0.125,160,20,1_of_1,0.503,2400,3125000,0.4608,600.0,32,640,160,1536000,384000,0,False,327,60683.67331018519,FRB20240114A_PV_Band_2025_01_08_16_59_33.txt
67,dwi_FRB20240114A_L1_Band_2025_01_08_17_04_19_68,no0001,dw,FRB20240114A,2025-01-08T16:04:20,60683.66967592592,21:27:40.8028,321.920011508177,04:19:47.9006,4.32997238423337,True,42.02641,55.89492,2_(summed),198.4,1250.15625,1200.3125,1400,0.3125,320,100,1_of_1,0.165,2400,1119841,0.47616,222.1764544,32,1280,320,3072000,768000,0,False,327,60683.672247412665,FRB20240114A_L1_Band_2025_01_08_17_04_19.txt
68,dwi_FRB20240114A_L1_Band_2025_01_08_17_08_14_69,no0001,dw,FRB20240114A,2025-01-08T16:08:27,60683.672534722224,21:27:40.9011,321.920421319528,04:19:47.8007,4.32994463658987,True,43.10038,56.29461,2_(summed),198.4,1250.15625,1200.3125,1400,0.3125,320,100,1_of_1,0.165,2400,3024193,0.47616,599.9998912,32,1280,320,3072000,768000,0,False,327,60683.67947916541,FRB20240114A_L1_Band_2025_01_08_17_08_14.txt
201,dwi_FRB20240114A_PV_Band_2025_01_08_17_09_34_202,no0001,dw,FRB20240114A,2025-01-08T16:09:35,60683.67332175926,21:27:40.8028,321.920011508177,04:19:48.2003,4.33005562716388,True,43.46891,56.43437,2_(summed),192.0,410.0625,400.125,1400,0.125,160,20,1_of_1,0.503,2400,3125000,0.4608,600.0,32,640,160,1536000,384000,0,False,327,60683.68026620371,FRB20240114A_PV_Band_2025_01_08_17_09_34.txt
69,dwi_FRB20240114A_L1_Band_2025_01_08_17_18_27_70,no0001,dw,FRB20240114A,2025-01-08T16:18:28,60683.679490740746,21:27:40.8028,321.920011508177,04:19:48.2003,4.33005562716388,True,45.8707,57.37971,2_(summed),198.4,1250.15625,1200.3125,1400,0.3125,320,100,1_of_1,0.165,2400,3024193,0.47616,599.9998912,32,1280,320,3072000,768000,0,False,327,60683.68643518393,FRB20240114A_L1_Band_2025_01_08_17_18_27.txt
202,dwi_FRB20240114A_PV_Band_2025_01_08_17_19_35_203,no0001,dw,FRB20240114A,2025-01-08T16:19:36,60683.68027777778,21:27:40.8028,321.920011508177,04:19:48.1004,4.33002787952038,True,46.17351,57.50317,2_(summed),192.0,410.0625,400.125,1400,0.125,160,20,1_of_1,0.503,2400,3125000,0.4608,600.0,32,640,160,1536000,384000,0,False,327,60683.68722222222,FRB20240114A_PV_Band_2025_01_08_17_19_35.txt
70,dwi_FRB20240114A_L1_Band_2025_01_08_17_28_28_71,no0001,dw,FRB20240114A,2025-01-08T16:28:29,60683.68644675926,21:27:40.8028,321.920011508177,04:19:48.0005,4.33000013187687,True,48.52093,58.49217,2_(summed),198.4,1250.15625,1200.3125,1400,0.3125,320,100,1_of_1,0.165,2400,3024193,0.47616,599.9998912,32,1280,320,3072000,768000,0,False,327,60683.69339120245,FRB20240114A_L1_Band_2025_01_08_17_28_28.txt
203,dwi_FRB20240114A_PV_Band_2025_01_08_17_29_36_204,no0001,dw,FRB20240114A,2025-01-08T16:29:37,60683.6872337963,21:27:40.8028,321.920011508177,04:19:47.9006,4.32997238423337,True,48.81707,58.62094,2_(summed),192.0,410.0625,400.125,1400,0.125,160,20,1_of_1,0.503,2400,3125000,0.4608,600.0,32,640,160,1536000,384000,0,False,327,60683.694178240745,FRB20240114A_PV_Band_2025_01_08_17_29_36.txt
71,dwi_FRB20240114A_L1_Band_2025_01_08_17_38_29_72,no0001,dw,FRB20240114A,2025-01-08T16:38:30,60683.693402777775,21:27:40.9011,321.920421319528,04:19:47.9006,4.32997238423337,True,51.11177,59.65038,2_(summed),198.4,1250.15625,1200.3125,1400,0.3125,320,100,1_of_1,0.165,2400,340057,0.47616,67.4673088,32,1280,320,3072000,768000,0,False,327,60683.69418364941,FRB20240114A_L1_Band_2025_01_08_17_38_29.txt
204,dwi_FRB20240114A_PV_Band_2025_01_08_17_39_37_205,no0001,dw,FRB20240114A,2025-01-08T16:39:38,60683.69418981482,21:27:40.8028,321.920011508177,04:19:48.1004,4.33002787952038,True,51.40138,59.78423,2_(summed),192.0,410.0625,400.125,1400,0.125,160,20,1_of_1,0.503,2400,3125000,0.4608,600.0,32,640,160,1536000,384000,0,False,327,60683.70113425927,FRB20240114A_PV_Band_2025_01_08_17_39_37.txt
72,dwi_FRB20240114A_L1_Band_2025_01_08_17_40_53_73,no0001,dw,FRB20240114A,2025-01-08T16:40:54,60683.695069444446,21:27:40.8028,321.920011508177,04:19:48.0005,4.33000013187687,True,51.72404,59.93437,2_(summed),198.4,1250.15625,1200.3125,1400,0.3125,320,100,1_of_1,0.165,2400,556595,0.47616,110.428448,32,1280,320,3072000,768000,0,False,327,60683.696347551486,FRB20240114A_L1_Band_2025_01_08_17_40_53.txt
73,dwi_FRB20240114A_L1_Band_2025_01_08_17_42_57_74,no0001,dw,FRB20240114A,2025-01-08T16:42:58,60683.696504629625,21:27:40.8028,321.920011508177,04:19:48.2003,4.33005562716388,True,52.24865,60.18079,2_(summed),198.4,1250.15625,1200.3125,1400,0.3125,320,100,1_of_1,0.165,2400,3024193,0.47616,599.9998912,32,1280,320,3072000,768000,0,False,327,60683.70344907281,FRB20240114A_L1_Band_2025_01_08_17_42_57.txt
205,dwi_FRB20240114A_PV_Band_2025_01_08_17_49_38_206,no0001,dw,FRB20240114A,2025-01-08T16:49:39,60683.701145833336,21:27:40.8028,321.920011508177,04:19:48.2003,4.33005562716388,True,53.92851,60.98953,2_(summed),192.0,410.0625,400.125,1400,0.125,160,20,1_of_1,0.503,2400,3125000,0.4608,600.0,32,640,160,1536000,384000,0,False,327,60683.70809027778,FRB20240114A_PV_Band_2025_01_08_17_49_38.txt
74,dwi_FRB20240114A_L1_Band_2025_01_08_17_52_58_75,no0001,dw,FRB20240114A,2025-01-08T16:52:59,60683.70346064815,21:27:40.8028,321.920011508177,04:19:47.6993,4.32991646205954,True,54.75723,61.39967,2_(summed),198.4,1250.15625,1200.3125,1400,0.3125,320,100,1_of_1,0.165,2400,3024193,0.47616,599.9998912,32,1280,320,3072000,768000,0,False,327,60683.71040509133,FRB20240114A_L1_Band_2025_01_08_17_52_58.txt
206,dwi_FRB20240114A_PV_Band_2025_01_08_17_59_39_207,no0001,dw,FRB20240114A,2025-01-08T16:59:40,60683.70810185185,21:27:40.8028,321.920011508177,04:19:48.1004,4.33002787952038,True,56.4003,62.23371,2_(summed),192.0,410.0625,400.125,1400,0.125,160,20,1_of_1,0.503,2400,3125000,0.4608,600.0,32,640,160,1536000,384000,0,False,327,60683.715046296296,FRB20240114A_PV_Band_2025_01_08_17_59_39.txt
75,dwi_FRB20240114A_L1_Band_2025_01_08_18_02_59_76,no0001,dw,FRB20240114A,2025-01-08T17:03:01.67638e-07,60683.71041666667,21:27:40.8028,321.920011508177,04:19:48.1004,4.33002787952038,True,57.21128,62.65585,2_(summed),198.4,1250.15625,1200.3125,1400,0.3125,320,100,1_of_1,0.165,2400,3024193,0.47616,599.9998912,32,1280,320,3072000,768000,0,False,327,60683.717361109855,FRB20240114A_L1_Band_2025_01_08_18_02_59.txt
207,dwi_FRB20240114A_PV_Band_2025_01_08_18_09_40_208,no0001,dw,FRB20240114A,2025-01-08T17:09:41,60683.71505787037,21:27:40.9011,321.920421319528,04:19:47.9006,4.32997238423337,True,58.81999,63.51356,2_(summed),192.0,410.0625,400.125,1400,0.125,160,20,1_of_1,0.503,2400,3125000,0.4608,600.0,32,640,160,1536000,384000,0,False,327,60683.72200231482,FRB20240114A_PV_Band_2025_01_08_18_09_40.txt
76,dwi_FRB20240114A_L1_Band_2025_01_08_18_13_00_77,no0001,dw,FRB20240114A,2025-01-08T17:13:01,60683.71737268519,21:27:40.8028,321.920011508177,04:19:48.1004,4.33002787952038,True,59.61426,63.94688,2_(summed),198.4,1250.15625,1200.3125,1400,0.3125,320,100,1_of_1,0.165,2400,1141505,0.47616,226.474592,32,1280,320,3072000,768000,0,False,327,60683.719993918894,FRB20240114A_L1_Band_2025_01_08_18_13_00.txt
77,dwi_FRB20240114A_L1_Band_2025_01_08_18_17_00_78,no0001,dw,FRB20240114A,2025-01-08T17:17:01,60683.72015046296,21:27:40.8028,321.920011508177,04:19:48.0005,4.33000013187687,True,60.56008,64.47146,2_(summed),198.4,1250.15625,1200.3125,1400,0.3125,320,100,1_of_1,0.165,2400,525061,0.47616,104.1721024,32,1280,320,3072000,768000,0,False,327,60683.721356158596,FRB20240114A_L1_Band_2025_01_08_18_17_00.txt
208,dwi_FRB20240114A_PV_Band_2025_01_08_18_19_41_209,no0001,dw,FRB20240114A,2025-01-08T17:19:42,60683.722013888895,21:27:40.9011,321.920421319528,04:19:47.6993,4.32991646205954,True,61.19034,64.82608,2_(summed),192.0,410.0625,400.125,1400,0.125,160,20,1_of_1,0.503,2400,3125000,0.4608,600.0,32,640,160,1536000,384000,0,False,327,60683.72895833334,FRB20240114A_PV_Band_2025_01_08_18_19_41.txt
78,dwi_FRB20240114A_L1_Band_2025_01_08_18_19_56_79,no0001,dw,FRB20240114A,2025-01-08T17:19:57,60683.722187499996,21:27:40.9011,321.920421319528,04:19:47.6993,4.32991646205954,True,61.24866,64.85916,2_(summed),198.4,1250.15625,1200.3125,1400,0.3125,320,100,1_of_1,0.165,2400,393203,0.47616,78.0114752,32,1280,320,3072000,768000,0,False,327,60683.72309041059,FRB20240114A_L1_Band_2025_01_08_18_19_56.txt
79,dwi_FRB20240114A_L1_Band_2025_01_08_18_21_27_80,no0001,dw,FRB20240114A,2025-01-08T17:21:28,60683.72324074074,21:27:40.8028,321.920011508177,04:19:48.1004,4.33002787952038,True,61.60342,65.06075,2_(summed),198.4,1250.15625,1200.3125,1400,0.3125,320,100,1_of_1,0.165,2400,3024193,0.47616,599.9998912,32,1280,320,3072000,768000,0,False,327,60683.73018518393,FRB20240114A_L1_Band_2025_01_08_18_21_27.txt
209,dwi_FRB20240114A_PV_Band_2025_01_08_18_29_42_210,no0001,dw,FRB20240114A,2025-01-08T17:29:43,60683.72896990741,21:27:40.8028,321.920011508177,04:19:48.1004,4.33002787952038,True,63.51394,66.16825,2_(summed),192.0,410.0625,400.125,1400,0.125,160,20,1_of_1,0.503,2400,3125000,0.4608,600.0,32,640,160,1536000,384000,0,False,327,60683.735914351855,FRB20240114A_PV_Band_2025_01_08_18_29_42.txt
80,dwi_FRB20240114A_L1_Band_2025_01_08_18_31_28_81,no0001,dw,FRB20240114A,2025-01-08T17:31:29,60683.73019675926,21:27:40.8028,321.920011508177,04:19:47.9006,4.32997238423337,True,63.91931,66.40791,2_(summed),198.4,1250.15625,1200.3125,1400,0.3125,320,100,1_of_1,0.165,2400,3024193,0.47616,599.9998912,32,1280,320,3072000,768000,0,False,327,60683.737141202444,FRB20240114A_L1_Band_2025_01_08_18_31_28.txt
210,dwi_FRB20240114A_PV_Band_2025_01_08_18_39_43_211,no0001,dw,FRB20240114A,2025-01-08T17:39:44,60683.735925925925,21:27:40.9011,321.920421319528,04:19:47.9006,4.32997238423337,True,65.79415,67.53738,2_(summed),192.0,410.0625,400.125,1400,0.125,160,20,1_of_1,0.503,2400,3125000,0.4608,600.0,32,640,160,1536000,384000,0,False,327,60683.74287037037,FRB20240114A_PV_Band_2025_01_08_18_39_43.txt
81,dwi_FRB20240114A_L1_Band_2025_01_08_18_41_29_82,no0001,dw,FRB20240114A,2025-01-08T17:41:30,60683.73715277778,21:27:40.8028,321.920011508177,04:19:48.1004,4.33002787952038,True,66.19195,67.78143,2_(summed),198.4,1250.15625,1200.3125,1400,0.3125,320,100,1_of_1,0.165,2400,3024193,0.47616,599.9998912,32,1280,320,3072000,768000,0,False,327,60683.744097220966,FRB20240114A_L1_Band_2025_01_08_18_41_29.txt
211,dwi_FRB20240114A_PV_Band_2025_01_08_18_49_44_212,no0001,dw,FRB20240114A,2025-01-08T17:49:45,60683.74288194445,21:27:40.8028,321.920011508177,04:19:48.0005,4.33000013187687,True,68.03415,68.93072,2_(summed),192.0,410.0625,400.125,1400,0.125,160,20,1_of_1,0.503,2400,3125000,0.4608,600.0,32,640,160,1536000,384000,0,False,327,60683.74982638889,FRB20240114A_PV_Band_2025_01_08_18_49_44.txt
82,dwi_FRB20240114A_L1_Band_2025_01_08_18_51_41_83,no0001,dw,FRB20240114A,2025-01-08T17:51:42,60683.74423611111,21:27:40.8028,321.920011508177,04:19:48.1004,4.33002787952038,True,68.46606,69.20482,2_(summed),198.4,1250.15625,1200.3125,1400,0.3125,320,100,1_of_1,0.165,2400,1193017,0.47616,236.6945728,32,1280,320,3072000,768000,0,False,327,60683.74697563163,FRB20240114A_L1_Band_2025_01_08_18_51_41.txt
212,dwi_FRB20240114A_PV_Band_2025_01_08_18_59_45_213,no0001,dw,FRB20240114A,2025-01-08T17:59:46,60683.74983796297,21:27:40.9011,321.920421319528,04:19:48.2003,4.33005562716388,True,70.23662,70.3456,2_(summed),192.0,410.0625,400.125,1400,0.125,160,20,1_of_1,0.503,2400,3125000,0.4608,600.0,32,640,160,1536000,384000,0,False,327,60683.756782407414,FRB20240114A_PV_Band_2025_01_08_18_59_45.txt
83,dwi_FRB20240114A_L1_Band_2025_01_08_19_01_02_84,no0001,dw,FRB20240114A,2025-01-08T18:01:03,60683.75072916667,21:27:40.9011,321.920421319528,04:19:47.9006,4.32997238423337,True,70.51628,70.52836,2_(summed),198.4,1250.15625,1200.3125,1400,0.3125,320,100,1_of_1,0.165,2400,3024193,0.47616,599.9998912,32,1280,320,3072000,768000,0,False,327,60683.757673609856,FRB20240114A_L1_Band_2025_01_08_19_01_02.txt
213,dwi_FRB20240114A_PV_Band_2025_01_08_19_09_46_214,no0001,dw,FRB20240114A,2025-01-08T18:09:47,60683.75679398148,21:27:40.8028,321.920011508177,04:19:48.4999,4.33013887009439,True,72.40536,71.77966,2_(summed),192.0,410.0625,400.125,1400,0.125,160,20,1_of_1,0.503,2400,3125000,0.4608,600.0,32,640,160,1536000,384000,0,False,327,60683.76373842593,FRB20240114A_PV_Band_2025_01_08_19_09_46.txt
84,dwi_FRB20240114A_L1_Band_2025_01_08_19_11_03_85,no0001,dw,FRB20240114A,2025-01-08T18:11:04,60683.757685185185,21:27:40.8028,321.920011508177,04:19:48.3001,4.33008337480739,True,72.68096,71.96461,2_(summed),198.4,1250.15625,1200.3125,1400,0.3125,320,100,1_of_1,0.165,2400,3024193,0.47616,599.9998912,32,1280,320,3072000,768000,0,False,327,60683.76462962837,FRB20240114A_L1_Band_2025_01_08_19_11_03.txt
214,dwi_FRB20240114A_PV_Band_2025_01_08_19_19_47_215,no0001,dw,FRB20240114A,2025-01-08T18:19:48,60683.76375,21:27:40.9011,321.920421319528,04:19:47.6993,4.32991646205954,True,74.54279,73.23023,2_(summed),192.0,410.0625,400.125,1400,0.125,160,20,1_of_1,0.503,2400,3125000,0.4608,600.0,32,640,160,1536000,384000,0,False,327,60683.77069444444,FRB20240114A_PV_Band_2025_01_08_19_19_47.txt
85,dwi_FRB20240114A_L1_Band_2025_01_08_19_21_04_86,no0001,dw,FRB20240114A,2025-01-08T18:21:05,60683.7646412037,21:27:40.9011,321.920421319528,04:19:48.2003,4.33005562716388,True,74.81463,73.41715,2_(summed),198.4,1250.15625,1200.3125,1400,0.3125,320,100,1_of_1,0.165,2400,2639291,0.47616,523.6353344,32,1280,320,3072000,768000,0,False,327,60683.77070179785,FRB20240114A_L1_Band_2025_01_08_19_21_04.txt
215,dwi_FRB20240114A_PV_Band_2025_01_08_19_29_48_216,no0001,dw,FRB20240114A,2025-01-08T18:29:49,60683.77070601852,21:27:40.9011,321.920421319528,04:19:48.0005,4.33000013187687,True,76.65266,74.69505,2_(summed),192.0,410.0625,400.125,1400,0.125,160,20,1_of_1,0.503,2400,3125000,0.4608,600.0,32,640,160,1536000,384000,0,False,327,60683.777650462966,FRB20240114A_PV_Band_2025_01_08_19_29_48.txt
86,dwi_FRB20240114A_L1_Band_2025_01_08_19_30_01_87,no0001,dw,FRB20240114A,2025-01-08T18:30:02,60683.77085648148,21:27:40.9011,321.920421319528,04:19:48.3001,4.33008337480739,True,76.6982,74.72687,2_(summed),198.4,1250.15625,1200.3125,1400,0.3125,320,100,1_of_1,0.165,2400,3024193,0.47616,599.9998912,32,1280,320,3072000,768000,0,False,327,60683.77780092467,FRB20240114A_L1_Band_2025_01_08_19_30_01.txt
216,dwi_FRB20240114A_PV_Band_2025_01_08_19_39_49_217,no0001,dw,FRB20240114A,2025-01-08T18:39:50,60683.77766203704,21:27:40.9011,321.920421319528,04:19:48.3001,4.33008337480739,True,78.73793,76.17154,2_(summed),192.0,410.0625,400.125,1400,0.125,160,20,1_of_1,0.503,2400,3125000,0.4608,600.0,32,640,160,1536000,384000,0,False,327,60683.78460648149,FRB20240114A_PV_Band_2025_01_08_19_39_49.txt
87,dwi_FRB20240114A_L1_Band_2025_01_08_19_40_02_88,no0001,dw,FRB20240114A,2025-01-08T18:40:03,60683.777812500004,21:27:40.9011,321.920421319528,04:19:48.7996,4.3302221130249,True,78.78305,76.20357,2_(summed),198.4,1250.15625,1200.3125,1400,0.3125,320,100,1_of_1,0.165,2400,1185568,0.47616,235.2166912,32,1280,320,3072000,768000,0,False,327,60683.780534915415,FRB20240114A_L1_Band_2025_01_08_19_40_02.txt
88,dwi_FRB20240114A_L1_Band_2025_01_08_19_44_59_89,no0001,dw,FRB20240114A,2025-01-08T18:45:00,60683.78125,21:27:40.9011,321.920421319528,04:19:48.7996,4.3302221130249,True,79.80524,76.93697,2_(summed),198.4,1250.15625,1200.3125,1400,0.3125,320,100,1_of_1,0.165,2400,3024193,0.47616,599.9998912,32,1280,320,3072000,768000,0,False,327,60683.78819444319,FRB20240114A_L1_Band_2025_01_08_19_44_59.txt
217,dwi_FRB20240114A_PV_Band_2025_01_08_19_49_50_218,no0001,dw,FRB20240114A,2025-01-08T18:49:51,60683.78461805556,21:27:40.9011,321.920421319528,04:19:48.8995,4.33024986066841,True,80.80167,77.65743,2_(summed),192.0,410.0625,400.125,1400,0.125,160,20,1_of_1,0.503,2400,3125000,0.4608,600.0,32,640,160,1536000,384000,0,False,327,60683.7915625,FRB20240114A_PV_Band_2025_01_08_19_49_50.txt
89,dwi_FRB20240114A_L1_Band_2025_01_08_19_55_00_90,no0001,dw,FRB20240114A,2025-01-08T18:55:01,60683.78820601852,21:27:40.9011,321.920421319528,04:19:48.8995,4.33024986066841,True,81.85887,78.42664,2_(summed),198.4,1250.15625,1200.3125,1400,0.3125,320,100,1_of_1,0.165,2400,3024193,0.47616,599.9998912,32,1280,320,3072000,768000,0,False,327,60683.79515046171,FRB20240114A_L1_Band_2025_01_08_19_55_00.txt
218,dwi_FRB20240114A_PV_Band_2025_01_08_19_59_51_219,no0001,dw,FRB20240114A,2025-01-08T18:59:52,60683.79157407407,21:27:40.9011,321.920421319528,04:19:49.2007,4.33033353048574,True,82.84693,79.15004,2_(summed),192.0,410.0625,400.125,1400,0.125,160,20,1_of_1,0.503,2400,3125000,0.4608,600.0,32,640,160,1536000,384000,0,False,327,60683.79851851852,FRB20240114A_PV_Band_2025_01_08_19_59_51.txt
90,dwi_FRB20240114A_L1_Band_2025_01_08_20_05_01_91,no0001,dw,FRB20240114A,2025-01-08T19:05:02,60683.79516203704,21:27:40.9995,321.920831130878,04:19:49.5004,4.33041677341625,True,83.89568,79.9217,2_(summed),198.4,1250.15625,1200.3125,1400,0.3125,320,100,1_of_1,0.165,2400,1181863,0.47616,234.4816192,32,1280,320,3072000,768000,0,False,327,60683.79787594466,FRB20240114A_L1_Band_2025_01_08_20_05_01.txt
91,dwi_FRB20240114A_L1_Band_2025_01_08_20_09_09_92,no0001,dw,FRB20240114A,2025-01-08T19:09:10,60683.79803240741,21:28:18.0989,322.075411972174,04:19:49.3006,4.33036127812924,True,84.60419,80.44493,2_(summed),198.4,1250.15625,1200.3125,1400,0.3125,320,100,1_of_1,0.165,2400,493285,0.47616,97.867744,32,1280,320,3072000,768000,0,False,327,60683.799165135926,FRB20240114A_L1_Band_2025_01_08_20_09_09.txt
219,dwi_FRB20240114A_PV_Band_2025_01_08_20_09_52_220,no0001,dw,FRB20240114A,2025-01-08T19:09:53,60683.798530092594,21:29:01.1979,322.254991305831,04:19:48.3001,4.33008337480739,True,84.60419,80.44493,2_(summed),192.0,410.0625,400.125,1400,0.125,160,20,1_of_1,0.503,2400,517606,0.4608,99.380352,32,640,160,1536000,384000,0,False,327,60683.79968032815,FRB20240114A_PV_Band_2025_01_08_20_09_52.txt
220,dwi_FRB20240114A_PV_Band_2025_01_09_12_57_45_221,no0001,dw,FRB20240114A,2025-01-09T11:57:52,60684.49851851852,21:27:40.8028,321.920011508177,04:19:48.4999,4.33013887009439,True,-34.51168,53.41922,2_(summed),192.0,410.0625,400.125,1400,0.125,160,20,1_of_1,0.503,2400,3125000,0.4608,600.0,32,640,160,1536000,384000,0,False,327,60684.50546296297,FRB20240114A_PV_Band_2025_01_09_12_57_45.txt
92,dwi_FRB20240114A_L1_Band_2025_01_09_12_57_45_93,no0001,dw,FRB20240114A,2025-01-09T11:57:56,60684.498564814814,21:27:40.8028,321.920011508177,04:19:48.2003,4.33005562716388,True,-34.49231,53.41355,2_(summed),198.4,1250.15625,1200.3125,1400,0.3125,320,100,1_of_1,0.165,2400,3024193,0.47616,599.9998912,32,1280,320,3072000,768000,0,False,327,60684.505509258,FRB20240114A_L1_Band_2025_01_09_12_57_45.txt
221,dwi_FRB20240114A_PV_Band_2025_01_09_13_07_52_222,no0001,dw,FRB20240114A,2025-01-09T12:07:53,60684.50547453704,21:27:40.8028,321.920011508177,04:19:48.4000,4.33011112245089,True,-31.54736,52.59259,2_(summed),192.0,410.0625,400.125,1400,0.125,160,20,1_of_1,0.503,2400,3125000,0.4608,600.0,32,640,160,1536000,384000,0,False,327,60684.51241898149,FRB20240114A_PV_Band_2025_01_09_13_07_52.txt
93,dwi_FRB20240114A_L1_Band_2025_01_09_13_07_56_94,no0001,dw,FRB20240114A,2025-01-09T12:07:57,60684.505520833336,21:27:40.8028,321.920011508177,04:19:48.3001,4.33008337480739,True,-31.52688,52.58736,2_(summed),198.4,1250.15625,1200.3125,1400,0.3125,320,100,1_of_1,0.165,2400,3024193,0.47616,599.9998912,32,1280,320,3072000,768000,0,False,327,60684.51246527652,FRB20240114A_L1_Band_2025_01_09_13_07_56.txt
222,dwi_FRB20240114A_PV_Band_2025_01_09_13_17_53_223,no0001,dw,FRB20240114A,2025-01-09T12:17:54,60684.51243055556,21:27:40.9011,321.920421319528,04:19:48.2003,4.33005562716388,True,-28.52191,51.83354,2_(summed),192.0,410.0625,400.125,1400,0.125,160,20,1_of_1,0.503,2400,635572,0.4608,122.029824,32,640,160,1536000,384000,0,False,327,60684.513842937784,FRB20240114A_PV_Band_2025_01_09_13_17_53.txt
94,dwi_FRB20240114A_L1_Band_2025_01_09_13_17_57_95,no0001,dw,FRB20240114A,2025-01-09T12:17:58,60684.51247685185,21:27:40.8028,321.920011508177,04:19:48.1004,4.33002787952038,True,-28.50162,51.8287,2_(summed),198.4,1250.15625,1200.3125,1400,0.3125,320,100,1_of_1,0.165,2400,594939,0.47616,118.0358976,32,1280,320,3072000,768000,0,False,327,60684.51384300807,FRB20240114A_L1_Band_2025_01_09_13_17_57.txt
223,dwi_FRB20240114A_PV_Band_2025_01_09_14_11_42_224,no0001,dw,FRB20240114A,2025-01-09T13:11:48,60684.54986111111,21:27:40.8028,321.920011508177,04:19:48.2003,4.33005562716388,True,-11.35606,49.04597,2_(summed),192.0,410.0625,400.125,1400,0.125,160,20,1_of_1,0.503,2400,3125000,0.4608,600.0,32,640,160,1536000,384000,0,False,327,60684.556805555556,FRB20240114A_PV_Band_2025_01_09_14_11_42.txt
95,dwi_FRB20240114A_L1_Band_2025_01_09_14_12_15_96,no0001,dw,FRB20240114A,2025-01-09T13:12:16,60684.55018518519,21:27:40.8028,321.920011508177,04:19:48.2003,4.33005562716388,True,-11.20227,49.03218,2_(summed),198.4,1250.15625,1200.3125,1400,0.3125,320,100,1_of_1,0.165,2400,3024193,0.47616,599.9998912,32,1280,320,3072000,768000,0,False,327,60684.557129628374,FRB20240114A_L1_Band_2025_01_09_14_12_15.txt
224,dwi_FRB20240114A_PV_Band_2025_01_09_14_21_48_225,no0001,dw,FRB20240114A,2025-01-09T13:21:49,60684.55681712963,21:27:40.9011,321.920421319528,04:19:48.3001,4.33008337480739,True,-8.043825,48.79044,2_(summed),192.0,410.0625,400.125,1400,0.125,160,20,1_of_1,0.503,2400,3125000,0.4608,600.0,32,640,160,1536000,384000,0,False,327,60684.56376157408,FRB20240114A_PV_Band_2025_01_09_14_21_48.txt
96,dwi_FRB20240114A_L1_Band_2025_01_09_14_22_16_97,no0001,dw,FRB20240114A,2025-01-09T13:22:17,60684.5571412037,21:27:40.8028,321.920011508177,04:19:48.0005,4.33000013187687,True,-7.888759,48.78067,2_(summed),198.4,1250.15625,1200.3125,1400,0.3125,320,100,1_of_1,0.165,2400,1468626,0.47616,291.3753984,32,1280,320,3072000,768000,0,False,327,60684.56051360415,FRB20240114A_L1_Band_2025_01_09_14_22_16.txt
97,dwi_FRB20240114A_L1_Band_2025_01_09_14_27_20_98,no0001,dw,FRB20240114A,2025-01-09T13:27:21,60684.56065972222,21:27:40.8028,321.920011508177,04:19:48.1004,4.33002787952038,True,-6.204653,48.68654,2_(summed),198.4,1250.15625,1200.3125,1400,0.3125,320,100,1_of_1,0.165,2400,3024193,0.47616,599.9998912,32,1280,320,3072000,768000,0,False,327,60684.56760416541,FRB20240114A_L1_Band_2025_01_09_14_27_20.txt
225,dwi_FRB20240114A_PV_Band_2025_01_09_14_31_49_226,no0001,dw,FRB20240114A,2025-01-09T13:31:50,60684.563773148155,21:27:40.8028,321.920011508177,04:19:48.0005,4.33000013187687,True,-4.710863,48.62198,2_(summed),192.0,410.0625,400.125,1400,0.125,160,20,1_of_1,0.503,2400,3125000,0.4608,600.0,32,640,160,1536000,384000,0,False,327,60684.5707175926,FRB20240114A_PV_Band_2025_01_09_14_31_49.txt
98,dwi_FRB20240114A_L1_Band_2025_01_09_14_37_21_99,no0001,dw,FRB20240114A,2025-01-09T13:37:22,60684.56761574074,21:27:40.8028,321.920011508177,04:19:48.0005,4.33000013187687,True,-2.863734,48.56664,2_(summed),198.4,1250.15625,1200.3125,1400,0.3125,320,100,1_of_1,0.165,2400,1182815,0.47616,234.670496,32,1280,320,3072000,768000,0,False,327,60684.570331834446,FRB20240114A_L1_Band_2025_01_09_14_37_21.txt
226,dwi_FRB20240114A_PV_Band_2025_01_09_14_41_50_227,no0001,dw,FRB20240114A,2025-01-09T13:41:51,60684.57072916667,21:27:40.8028,321.920011508177,04:19:48.0005,4.33000013187687,True,-1.365471,48.5416,2_(summed),192.0,410.0625,400.125,1400,0.125,160,20,1_of_1,0.503,2400,3125000,0.4608,600.0,32,640,160,1536000,384000,0,False,327,60684.577673611115,FRB20240114A_PV_Band_2025_01_09_14_41_50.txt
99,dwi_FRB20240114A_L1_Band_2025_01_09_14_42_32_100,no0001,dw,FRB20240114A,2025-01-09T13:42:33,60684.57121527778,21:27:40.8028,321.920011508177,04:19:48.2003,4.33005562716388,True,-1.131496,48.53925,2_(summed),198.4,1250.15625,1200.3125,1400,0.3125,320,100,1_of_1,0.165,2400,3024193,0.47616,599.9998912,32,1280,320,3072000,768000,0,False,327,60684.578159720964,FRB20240114A_L1_Band_2025_01_09_14_42_32.txt
227,dwi_FRB20240114A_PV_Band_2025_01_09_14_51_51_228,no0001,dw,FRB20240114A,2025-01-09T13:51:52,60684.577685185184,21:27:40.8028,321.920011508177,04:19:48.1004,4.33002787952038,True,1.983214,48.54975,2_(summed),192.0,410.0625,400.125,1400,0.125,160,20,1_of_1,0.503,2400,3125000,0.4608,600.0,32,640,160,1536000,384000,0,False,327,60684.58462962963,FRB20240114A_PV_Band_2025_01_09_14_51_51.txt
100,dwi_FRB20240114A_L1_Band_2025_01_09_14_52_33_101,no0001,dw,FRB20240114A,2025-01-09T13:52:34,60684.57817129629,21:27:40.9011,321.920421319528,04:19:48.3001,4.33008337480739,True,2.217141,48.5536,2_(summed),198.4,1250.15625,1200.3125,1400,0.3125,320,100,1_of_1,0.165,2400,3024193,0.47616,599.9998912,32,1280,320,3072000,768000,0,False,327,60684.58511573948,FRB20240114A_L1_Band_2025_01_09_14_52_33.txt
228,dwi_FRB20240114A_PV_Band_2025_01_09_15_01_52_229,no0001,dw,FRB20240114A,2025-01-09T14:01:53,60684.584641203706,21:27:40.8028,321.920011508177,04:19:48.3001,4.33008337480739,True,5.326871,48.64642,2_(summed),192.0,410.0625,400.125,1400,0.125,160,20,1_of_1,0.503,2400,3125000,0.4608,600.0,32,640,160,1536000,384000,0,False,327,60684.59158564815,FRB20240114A_PV_Band_2025_01_09_15_01_52.txt
101,dwi_FRB20240114A_L1_Band_2025_01_09_15_02_34_102,no0001,dw,FRB20240114A,2025-01-09T14:02:35,60684.585127314815,21:27:40.8028,321.920011508177,04:19:48.3001,4.33008337480739,True,5.560279,48.65648,2_(summed),198.4,1250.15625,1200.3125,1400,0.3125,320,100,1_of_1,0.165,2400,3024193,0.47616,599.9998912,32,1280,320,3072000,768000,0,False,327,60684.592071758,FRB20240114A_L1_Band_2025_01_09_15_02_34.txt
229,dwi_FRB20240114A_PV_Band_2025_01_09_15_11_53_230,no0001,dw,FRB20240114A,2025-01-09T14:11:54,60684.59159722223,21:27:40.8028,321.920011508177,04:19:48.2003,4.33005562716388,True,8.65665,48.83109,2_(summed),192.0,410.0625,400.125,1400,0.125,160,20,1_of_1,0.503,2400,3125000,0.4608,600.0,32,640,160,1536000,384000,0,False,327,60684.59854166667,FRB20240114A_PV_Band_2025_01_09_15_11_53.txt
102,dwi_FRB20240114A_L1_Band_2025_01_09_15_12_35_103,no0001,dw,FRB20240114A,2025-01-09T14:12:36,60684.59208333334,21:27:40.8028,321.920011508177,04:19:48.0005,4.33000013187687,True,8.888699,48.84729,2_(summed),198.4,1250.15625,1200.3125,1400,0.3125,320,100,1_of_1,0.165,2400,3024193,0.47616,599.9998912,32,1280,320,3072000,768000,0,False,327,60684.59902777652,FRB20240114A_L1_Band_2025_01_09_15_12_35.txt
230,dwi_FRB20240114A_PV_Band_2025_01_09_15_21_54_231,no0001,dw,FRB20240114A,2025-01-09T14:21:55,60684.59855324074,21:27:40.8028,321.920011508177,04:19:48.2003,4.33005562716388,True,11.96448,49.10256,2_(summed),192.0,410.0625,400.125,1400,0.125,160,20,1_of_1,0.503,2400,3125000,0.4608,600.0,32,640,160,1536000,384000,0,False,327,60684.60549768519,FRB20240114A_PV_Band_2025_01_09_15_21_54.txt
103,dwi_FRB20240114A_L1_Band_2025_01_09_15_25_25_104,no0001,dw,FRB20240114A,2025-01-09T14:25:27,60684.601006944446,21:27:40.8028,321.920011508177,04:19:48.0005,4.33000013187687,True,13.12437,49.21882,2_(summed),198.4,1250.15625,1200.3125,1400,0.3125,320,100,1_of_1,0.165,2400,317704,0.47616,63.0324736,32,1280,320,3072000,768000,0,False,327,60684.60173648696,FRB20240114A_L1_Band_2025_01_09_15_25_25.txt
104,dwi_FRB20240114A_L1_Band_2025_01_09_15_26_43_105,no0001,dw,FRB20240114A,2025-01-09T14:26:56,60684.60203703704,21:27:40.8028,321.920011508177,04:19:48.1004,4.33002787952038,True,13.54278,49.26343,2_(summed),198.4,1250.15625,1200.3125,1400,0.3125,320,100,1_of_1,0.165,2400,3024193,0.47616,599.9998912,32,1280,320,3072000,768000,0,False,327,60684.608981480225,FRB20240114A_L1_Band_2025_01_09_15_26_43.txt
231,dwi_FRB20240114A_PV_Band_2025_01_09_15_31_55_232,no0001,dw,FRB20240114A,2025-01-09T14:31:56,60684.60550925926,21:27:40.8028,321.920011508177,04:19:48.1004,4.33002787952038,True,15.24183,49.45933,2_(summed),192.0,410.0625,400.125,1400,0.125,160,20,1_of_1,0.503,2400,3125000,0.4608,600.0,32,640,160,1536000,384000,0,False,327,60684.6124537037,FRB20240114A_PV_Band_2025_01_09_15_31_55.txt
105,dwi_FRB20240114A_L1_Band_2025_01_09_15_36_56_106,no0001,dw,FRB20240114A,2025-01-09T14:36:57,60684.60899305556,21:27:40.8028,321.920011508177,04:19:48.2003,4.33005562716388,True,16.86965,49.6694,2_(summed),198.4,1250.15625,1200.3125,1400,0.3125,320,100,1_of_1,0.165,2400,3024193,0.47616,599.9998912,32,1280,320,3072000,768000,0,False,327,60684.61593749875,FRB20240114A_L1_Band_2025_01_09_15_36_56.txt
232,dwi_FRB20240114A_PV_Band_2025_01_09_15_41_56_233,no0001,dw,FRB20240114A,2025-01-09T14:41:57,60684.61246527778,21:27:40.9011,321.920421319528,04:19:47.9006,4.32997238423337,True,18.48199,49.8993,2_(summed),192.0,410.0625,400.125,1400,0.125,160,20,1_of_1,0.503,2400,2863296,0.4608,549.752832,32,640,160,1536000,384000,0,False,327,60684.61882815778,FRB20240114A_PV_Band_2025_01_09_15_41_56.txt
106,dwi_FRB20240114A_L1_Band_2025_01_09_15_46_57_107,no0001,dw,FRB20240114A,2025-01-09T14:46:58,60684.615949074076,21:27:40.9011,321.920421319528,04:19:47.9006,4.32997238423337,True,20.08905,50.15022,2_(summed),198.4,1250.15625,1200.3125,1400,0.3125,320,100,1_of_1,0.165,2400,1193118,0.47616,236.7146112,32,1280,320,3072000,768000,0,False,327,60684.61868882652,FRB20240114A_L1_Band_2025_01_09_15_46_57.txt
233,dwi_FRB20240114A_PV_Band_2025_01_10_10_51_41_234,no0001,dw,FRB20240114A,2025-01-10T09:51:48,60685.41097222222,21:27:40.8028,321.920011508177,04:19:48.4999,4.33013887009439,True,-65.86976,67.58358,2_(summed),192.0,410.0625,400.125,1400,0.125,160,20,1_of_1,0.503,2400,3125000,0.4608,600.0,32,640,160,1536000,384000,0,False,327,60685.417916666665,FRB20240114A_PV_Band_2025_01_10_10_51_41.txt
107,dwi_FRB20240114A_L1_Band_2025_01_10_10_51_41_108,no0001,dw,FRB20240114A,2025-01-10T09:52:04,60685.411157407405,21:27:40.9011,321.920421319528,04:19:48.9994,4.33027760831191,True,-65.80984,67.54675,2_(summed),198.4,1250.15625,1200.3125,1400,0.3125,320,100,1_of_1,0.165,2400,3024193,0.47616,599.9998912,32,1280,320,3072000,768000,0,False,327,60685.41810185059,FRB20240114A_L1_Band_2025_01_10_10_51_41.txt
234,dwi_FRB20240114A_PV_Band_2025_01_10_11_01_48_235,no0001,dw,FRB20240114A,2025-01-10T10:01:49,60685.41792824074,21:27:40.9011,321.920421319528,04:19:48.8995,4.33024986066841,True,-63.59121,66.21357,2_(summed),192.0,410.0625,400.125,1400,0.125,160,20,1_of_1,0.503,2400,3125000,0.4608,600.0,32,640,160,1536000,384000,0,False,327,60685.42487268519,FRB20240114A_PV_Band_2025_01_10_11_01_48.txt
108,dwi_FRB20240114A_L1_Band_2025_01_10_11_02_04_109,no0001,dw,FRB20240114A,2025-01-10T10:02:05,60685.41811342593,21:27:40.8028,321.920011508177,04:19:48.4999,4.33013887009439,True,-63.52975,66.17753,2_(summed),198.4,1250.15625,1200.3125,1400,0.3125,320,100,1_of_1,0.165,2400,350362,0.47616,69.5118208,32,1280,320,3072000,768000,0,False,327,60685.41891796089,FRB20240114A_L1_Band_2025_01_10_11_02_04.txt
109,dwi_FRB20240114A_L1_Band_2025_01_10_11_04_07_110,no0001,dw,FRB20240114A,2025-01-10T10:04:08,60685.419537037036,21:27:40.9011,321.920421319528,04:19:48.9994,4.33027760831191,True,-63.058,65.90051,2_(summed),198.4,1250.15625,1200.3125,1400,0.3125,320,100,1_of_1,0.165,2400,3024193,0.47616,599.9998912,32,1280,320,3072000,768000,0,False,327,60685.42648148022,FRB20240114A_L1_Band_2025_01_10_11_04_07.txt
235,dwi_FRB20240114A_PV_Band_2025_01_10_11_11_49_236,no0001,dw,FRB20240114A,2025-01-10T10:11:50,60685.424884259264,21:27:40.8028,321.920011508177,04:19:48.4999,4.33013887009439,True,-61.26896,64.87045,2_(summed),192.0,410.0625,400.125,1400,0.125,160,20,1_of_1,0.503,2400,3125000,0.4608,600.0,32,640,160,1536000,384000,0,False,327,60685.43182870371,FRB20240114A_PV_Band_2025_01_10_11_11_49.txt
110,dwi_FRB20240114A_L1_Band_2025_01_10_11_14_08_111,no0001,dw,FRB20240114A,2025-01-10T10:14:09,60685.42649305555,21:27:40.9011,321.920421319528,04:19:48.9994,4.33027760831191,True,-60.72565,64.56396,2_(summed),198.4,1250.15625,1200.3125,1400,0.3125,320,100,1_of_1,0.165,2400,2324038,0.47616,461.0891392,32,1280,320,3072000,768000,0,False,327,60685.431829735404,FRB20240114A_L1_Band_2025_01_10_11_14_08.txt
236,dwi_FRB20240114A_PV_Band_2025_01_10_11_21_50_237,no0001,dw,FRB20240114A,2025-01-10T10:21:51,60685.43184027778,21:27:40.9011,321.920421319528,04:19:48.8995,4.33024986066841,True,-58.90025,63.55691,2_(summed),192.0,410.0625,400.125,1400,0.125,160,20,1_of_1,0.503,2400,3125000,0.4608,600.0,32,640,160,1536000,384000,0,False,327,60685.438784722224,FRB20240114A_PV_Band_2025_01_10_11_21_50.txt
111,dwi_FRB20240114A_L1_Band_2025_01_10_11_22_16_112,no0001,dw,FRB20240114A,2025-01-10T10:22:17,60685.4321412037,21:27:40.8028,321.920011508177,04:19:48.1004,4.33002787952038,True,-58.79672,63.50083,2_(summed),198.4,1250.15625,1200.3125,1400,0.3125,320,100,1_of_1,0.165,2400,3024193,0.47616,599.9998912,32,1280,320,3072000,768000,0,False,327,60685.43908564689,FRB20240114A_L1_Band_2025_01_10_11_22_16.txt
237,dwi_FRB20240114A_PV_Band_2025_01_10_11_31_51_238,no0001,dw,FRB20240114A,2025-01-10T10:31:52,60685.438796296294,21:27:40.8028,321.920011508177,04:19:48.3001,4.33008337480739,True,-56.48208,62.27596,2_(summed),192.0,410.0625,400.125,1400,0.125,160,20,1_of_1,0.503,2400,3125000,0.4608,600.0,32,640,160,1536000,384000,0,False,327,60685.44574074074,FRB20240114A_PV_Band_2025_01_10_11_31_51.txt
112,dwi_FRB20240114A_L1_Band_2025_01_10_11_32_17_113,no0001,dw,FRB20240114A,2025-01-10T10:32:18,60685.43909722222,21:27:40.8028,321.920011508177,04:19:48.2003,4.33005562716388,True,-56.37643,62.22135,2_(summed),198.4,1250.15625,1200.3125,1400,0.3125,320,100,1_of_1,0.165,2400,3024193,0.47616,599.9998912,32,1280,320,3072000,768000,0,False,327,60685.446041665404,FRB20240114A_L1_Band_2025_01_10_11_32_17.txt
238,dwi_FRB20240114A_PV_Band_2025_01_10_11_41_52_239,no0001,dw,FRB20240114A,2025-01-10T10:41:53,60685.445752314816,21:27:40.8028,321.920011508177,04:19:47.9006,4.32997238423337,True,-54.0118,61.03058,2_(summed),192.0,410.0625,400.125,1400,0.125,160,20,1_of_1,0.503,2400,3125000,0.4608,600.0,32,640,160,1536000,384000,0,False,327,60685.45269675926,FRB20240114A_PV_Band_2025_01_10_11_41_52.txt
113,dwi_FRB20240114A_L1_Band_2025_01_10_11_42_18_114,no0001,dw,FRB20240114A,2025-01-10T10:42:19,60685.44605324074,21:27:40.8028,321.920011508177,04:19:48.4999,4.33013887009439,True,-53.90403,60.97748,2_(summed),198.4,1250.15625,1200.3125,1400,0.3125,320,100,1_of_1,0.165,2400,3024193,0.47616,599.9998912,32,1280,320,3072000,768000,0,False,327,60685.452997683926,FRB20240114A_L1_Band_2025_01_10_11_42_18.txt
239,dwi_FRB20240114A_PV_Band_2025_01_10_11_51_53_240,no0001,dw,FRB20240114A,2025-01-10T10:51:54,60685.45270833334,21:27:40.8028,321.920011508177,04:19:48.3001,4.33008337480739,True,-51.48679,59.82381,2_(summed),192.0,410.0625,400.125,1400,0.125,160,20,1_of_1,0.503,2400,3125000,0.4608,600.0,32,640,160,1536000,384000,0,False,327,60685.45965277778,FRB20240114A_PV_Band_2025_01_10_11_51_53.txt
114,dwi_FRB20240114A_L1_Band_2025_01_10_11_52_19_115,no0001,dw,FRB20240114A,2025-01-10T10:52:20,60685.45300925926,21:27:40.9011,321.920421319528,04:19:48.7996,4.3302221130249,True,-51.37666,59.77253,2_(summed),198.4,1250.15625,1200.3125,1400,0.3125,320,100,1_of_1,0.165,2400,3024193,0.47616,599.9998912,32,1280,320,3072000,768000,0,False,327,60685.45995370245,FRB20240114A_L1_Band_2025_01_10_11_52_19.txt
240,dwi_FRB20240114A_PV_Band_2025_01_10_12_01_54_241,no0001,dw,FRB20240114A,2025-01-10T11:01:55,60685.45966435186,21:27:40.8028,321.920011508177,04:19:48.0005,4.33000013187687,True,-48.90442,58.65916,2_(summed),192.0,410.0625,400.125,1400,0.125,160,20,1_of_1,0.503,2400,3125000,0.4608,600.0,32,640,160,1536000,384000,0,False,327,60685.466608796305,FRB20240114A_PV_Band_2025_01_10_12_01_54.txt
115,dwi_FRB20240114A_L1_Band_2025_01_10_12_02_20_116,no0001,dw,FRB20240114A,2025-01-10T11:02:21,60685.459965277776,21:27:40.8028,321.920011508177,04:19:48.1004,4.33002787952038,True,-48.79145,58.60977,2_(summed),198.4,1250.15625,1200.3125,1400,0.3125,320,100,1_of_1,0.165,2400,3024193,0.47616,599.9998912,32,1280,320,3072000,768000,0,False,327,60685.46690972096,FRB20240114A_L1_Band_2025_01_10_12_02_20.txt
241,dwi_FRB20240114A_PV_Band_2025_01_10_12_11_55_242,no0001,dw,FRB20240114A,2025-01-10T11:11:56,60685.466620370375,21:27:40.9011,321.920421319528,04:19:48.6997,4.3301943653814,True,-46.26329,57.53984,2_(summed),192.0,410.0625,400.125,1400,0.125,160,20,1_of_1,0.503,2400,3125000,0.4608,600.0,32,640,160,1536000,384000,0,False,327,60685.47356481482,FRB20240114A_PV_Band_2025_01_10_12_11_55.txt
116,dwi_FRB20240114A_L1_Band_2025_01_10_12_12_21_117,no0001,dw,FRB20240114A,2025-01-10T11:12:22,60685.4669212963,21:27:40.8028,321.920011508177,04:19:48.2003,4.33005562716388,True,-46.14727,57.49248,2_(summed),198.4,1250.15625,1200.3125,1400,0.3125,320,100,1_of_1,0.165,2400,3024193,0.47616,599.9998912,32,1280,320,3072000,768000,0,False,327,60685.473865739485,FRB20240114A_L1_Band_2025_01_10_12_12_21.txt
242,dwi_FRB20240114A_PV_Band_2025_01_10_12_21_56_243,no0001,dw,FRB20240114A,2025-01-10T11:21:57,60685.47357638889,21:27:40.9011,321.920421319528,04:19:48.4999,4.33013887009439,True,-43.5605,56.46928,2_(summed),192.0,410.0625,400.125,1400,0.125,160,20,1_of_1,0.503,2400,3125000,0.4608,600.0,32,640,160,1536000,384000,0,False,327,60685.480520833335,FRB20240114A_PV_Band_2025_01_10_12_21_56.txt
117,dwi_FRB20240114A_L1_Band_2025_01_10_12_22_22_118,no0001,dw,FRB20240114A,2025-01-10T11:22:23,60685.47387731481,21:27:40.9011,321.920421319528,04:19:48.7996,4.3302221130249,True,-43.44234,56.4241,2_(summed),198.4,1250.15625,1200.3125,1400,0.3125,320,100,1_of_1,0.165,2400,3024193,0.47616,599.9998912,32,1280,320,3072000,768000,0,False,327,60685.480821758,FRB20240114A_L1_Band_2025_01_10_12_22_22.txt
243,dwi_FRB20240114A_PV_Band_2025_01_10_12_31_57_244,no0001,dw,FRB20240114A,2025-01-10T11:31:58,60685.48053240741,21:27:40.8028,321.920011508177,04:19:48.4000,4.33011112245089,True,-40.79548,55.4511,2_(summed),192.0,410.0625,400.125,1400,0.125,160,20,1_of_1,0.503,2400,3125000,0.4608,600.0,32,640,160,1536000,384000,0,False,327,60685.48747685186,FRB20240114A_PV_Band_2025_01_10_12_31_57.txt
118,dwi_FRB20240114A_L1_Band_2025_01_10_12_32_23_119,no0001,dw,FRB20240114A,2025-01-10T11:32:24,60685.480833333335,21:27:40.9011,321.920421319528,04:19:48.4000,4.33011112245089,True,-40.67475,55.40835,2_(summed),198.4,1250.15625,1200.3125,1400,0.3125,320,100,1_of_1,0.165,2400,3024193,0.47616,599.9998912,32,1280,320,3072000,768000,0,False,327,60685.48777777652,FRB20240114A_L1_Band_2025_01_10_12_32_23.txt
244,dwi_FRB20240114A_PV_Band_2025_01_10_12_41_58_245,no0001,dw,FRB20240114A,2025-01-10T11:41:59,60685.48748842593,21:27:40.8028,321.920011508177,04:19:48.1004,4.33002787952038,True,-37.96784,54.48899,2_(summed),192.0,410.0625,400.125,1400,0.125,160,20,1_of_1,0.503,2400,3125000,0.4608,600.0,32,640,160,1536000,384000,0,False,327,60685.49443287038,FRB20240114A_PV_Band_2025_01_10_12_41_58.txt
119,dwi_FRB20240114A_L1_Band_2025_01_10_12_42_24_120,no0001,dw,FRB20240114A,2025-01-10T11:42:25,60685.48778935186,21:27:40.8028,321.920011508177,04:19:48.3001,4.33008337480739,True,-37.84415,54.4487,2_(summed),198.4,1250.15625,1200.3125,1400,0.3125,320,100,1_of_1,0.165,2400,370111,0.47616,73.4300224,32,1280,320,3072000,768000,0,False,327,60685.48863923638,FRB20240114A_L1_Band_2025_01_10_12_42_24.txt
120,dwi_FRB20240114A_L1_Band_2025_01_10_12_44_44_121,no0001,dw,FRB20240114A,2025-01-10T11:44:45,60685.48940972222,21:27:40.9011,321.920421319528,04:19:48.3001,4.33008337480739,True,-37.1758,54.2336,2_(summed),198.4,1250.15625,1200.3125,1400,0.3125,320,100,1_of_1,0.165,2400,379455,0.47616,75.283872,32,1280,320,3072000,768000,0,False,327,60685.49028106333,FRB20240114A_L1_Band_2025_01_10_12_44_44.txt
121,dwi_FRB20240114A_L1_Band_2025_01_10_12_46_24_122,no0001,dw,FRB20240114A,2025-01-10T11:46:25,60685.49056712963,21:27:40.8028,321.920011508177,04:19:48.4999,4.33013887009439,True,-36.69632,54.08198,2_(summed),198.4,1250.15625,1200.3125,1400,0.3125,320,100,1_of_1,0.165,2400,3024193,0.47616,599.9998912,32,1280,320,3072000,768000,0,False,327,60685.497511572816,FRB20240114A_L1_Band_2025_01_10_12_46_24.txt
245,dwi_FRB20240114A_PV_Band_2025_01_10_12_51_59_246,no0001,dw,FRB20240114A,2025-01-10T11:52:03.21306e-07,60685.49444444445,21:27:40.8028,321.920011508177,04:19:48.3001,4.33008337480739,True,-35.07738,53.5864,2_(summed),192.0,410.0625,400.125,1400,0.125,160,20,1_of_1,0.503,2400,3125000,0.4608,600.0,32,640,160,1536000,384000,0,False,327,60685.50138888889,FRB20240114A_PV_Band_2025_01_10_12_51_59.txt
122,dwi_FRB20240114A_L1_Band_2025_01_10_12_56_37_123,no0001,dw,FRB20240114A,2025-01-10T11:56:38,60685.497662037036,21:27:40.8028,321.920011508177,04:19:48.2003,4.33005562716388,True,-33.71908,53.19013,2_(summed),198.4,1250.15625,1200.3125,1400,0.3125,320,100,1_of_1,0.165,2400,3024193,0.47616,599.9998912,32,1280,320,3072000,768000,0,False,327,60685.50460648022,FRB20240114A_L1_Band_2025_01_10_12_56_37.txt
246,dwi_FRB20240114A_PV_Band_2025_01_10_13_02_00_247,no0001,dw,FRB20240114A,2025-01-10T12:02:01,60685.50140046296,21:27:40.8028,321.920011508177,04:19:48.1004,4.33002787952038,True,-32.12429,52.74718,2_(summed),192.0,410.0625,400.125,1400,0.125,160,20,1_of_1,0.503,2400,3125000,0.4608,600.0,32,640,160,1536000,384000,0,False,327,60685.50834490741,FRB20240114A_PV_Band_2025_01_10_13_02_00.txt
123,dwi_FRB20240114A_L1_Band_2025_01_10_13_06_38_124,no0001,dw,FRB20240114A,2025-01-10T12:06:39,60685.50461805555,21:27:40.8028,321.920011508177,04:19:48.2003,4.33005562716388,True,-30.73799,52.38138,2_(summed),198.4,1250.15625,1200.3125,1400,0.3125,320,100,1_of_1,0.165,2400,1129475,0.47616,224.08784,32,1280,320,3072000,768000,0,False,327,60685.50721166481,FRB20240114A_L1_Band_2025_01_10_13_06_38.txt
124,dwi_FRB20240114A_L1_Band_2025_01_10_13_10_40_125,no0001,dw,FRB20240114A,2025-01-10T12:10:41,60685.50741898148,21:27:40.8028,321.920011508177,04:19:48.1004,4.33002787952038,True,-29.52031,52.07482,2_(summed),198.4,1250.15625,1200.3125,1400,0.3125,320,100,1_of_1,0.165,2400,3024193,0.47616,599.9998912,32,1280,320,3072000,768000,0,False,327,60685.51436342466,FRB20240114A_L1_Band_2025_01_10_13_10_40.txt
247,dwi_FRB20240114A_PV_Band_2025_01_10_13_12_01_248,no0001,dw,FRB20240114A,2025-01-10T12:12:02,60685.508356481485,21:27:40.8028,321.920011508177,04:19:48.2003,4.33005562716388,True,-29.1107,51.97477,2_(summed),192.0,410.0625,400.125,1400,0.125,160,20,1_of_1,0.503,2400,3125000,0.4608,600.0,32,640,160,1536000,384000,0,False,327,60685.51530092593,FRB20240114A_PV_Band_2025_01_10_13_12_01.txt
125,dwi_FRB20240114A_L1_Band_2025_01_10_13_20_41_126,no0001,dw,FRB20240114A,2025-01-10T12:20:42,60685.514375,21:27:40.9011,321.920421319528,04:19:48.2003,4.33005562716388,True,-26.45619,51.36308,2_(summed),198.4,1250.15625,1200.3125,1400,0.3125,320,100,1_of_1,0.165,2400,1194931,0.47616,237.0743104,32,1280,320,3072000,768000,0,False,327,60685.51711891563,FRB20240114A_L1_Band_2025_01_10_13_20_41.txt
248,dwi_FRB20240114A_PV_Band_2025_01_10_13_22_02_249,no0001,dw,FRB20240114A,2025-01-10T12:22:03,60685.51531250001,21:27:40.8028,321.920011508177,04:19:48.3001,4.33008337480739,True,-26.03865,51.27271,2_(summed),192.0,410.0625,400.125,1400,0.125,160,20,1_of_1,0.503,2400,3125000,0.4608,600.0,32,640,160,1536000,384000,0,False,327,60685.52225694445,FRB20240114A_PV_Band_2025_01_10_13_22_02.txt
126,dwi_FRB20240114A_L1_Band_2025_01_10_13_24_51_127,no0001,dw,FRB20240114A,2025-01-10T12:24:52,60685.51726851852,21:27:40.8028,321.920011508177,04:19:48.2003,4.33005562716388,True,-25.16488,51.08839,2_(summed),198.4,1250.15625,1200.3125,1400,0.3125,320,100,1_of_1,0.165,2400,3024193,0.47616,599.9998912,32,1280,320,3072000,768000,0,False,327,60685.5242129617,FRB20240114A_L1_Band_2025_01_10_13_24_51.txt
249,dwi_FRB20240114A_PV_Band_2025_01_10_13_32_03_250,no0001,dw,FRB20240114A,2025-01-10T12:32:04,60685.52226851852,21:27:40.8028,321.920011508177,04:19:48.3001,4.33008337480739,True,-22.91155,50.64428,2_(summed),192.0,410.0625,400.125,1400,0.125,160,20,1_of_1,0.503,2400,3125000,0.4608,600.0,32,640,160,1536000,384000,0,False,327,60685.52921296297,FRB20240114A_PV_Band_2025_01_10_13_32_03.txt
127,dwi_FRB20240114A_L1_Band_2025_01_10_13_34_52_128,no0001,dw,FRB20240114A,2025-01-10T12:34:53,60685.52422453703,21:27:40.8028,321.920011508177,04:19:48.2003,4.33005562716388,True,-22.02264,50.4813,2_(summed),198.4,1250.15625,1200.3125,1400,0.3125,320,100,1_of_1,0.165,2400,3024193,0.47616,599.9998912,32,1280,320,3072000,768000,0,False,327,60685.53116898022,FRB20240114A_L1_Band_2025_01_10_13_34_52.txt
250,dwi_FRB20240114A_PV_Band_2025_01_10_13_42_04_251,no0001,dw,FRB20240114A,2025-01-10T12:42:05,60685.52922453704,21:27:40.8028,321.920011508177,04:19:48.3001,4.33008337480739,True,-19.73318,50.09275,2_(summed),192.0,410.0625,400.125,1400,0.125,160,20,1_of_1,0.503,2400,3125000,0.4608,600.0,32,640,160,1536000,384000,0,False,327,60685.53616898148,FRB20240114A_PV_Band_2025_01_10_13_42_04.txt
128,dwi_FRB20240114A_L1_Band_2025_01_10_13_44_53_129,no0001,dw,FRB20240114A,2025-01-10T12:44:54,60685.531180555554,21:27:40.8028,321.920011508177,04:19:48.1004,4.33002787952038,True,-18.83113,49.95197,2_(summed),198.4,1250.15625,1200.3125,1400,0.3125,320,100,1_of_1,0.165,2400,3024193,0.47616,599.9998912,32,1280,320,3072000,768000,0,False,327,60685.53812499874,FRB20240114A_L1_Band_2025_01_10_13_44_53.txt
251,dwi_FRB20240114A_PV_Band_2025_01_10_13_52_05_252,no0001,dw,FRB20240114A,2025-01-10T12:52:06,60685.53618055556,21:27:40.8028,321.920011508177,04:19:48.1004,4.33002787952038,True,-16.50912,49.62102,2_(summed),192.0,410.0625,400.125,1400,0.125,160,20,1_of_1,0.503,2400,3125000,0.4608,600.0,32,640,160,1536000,384000,0,False,327,60685.543125000004,FRB20240114A_PV_Band_2025_01_10_13_52_05.txt
129,dwi_FRB20240114A_L1_Band_2025_01_10_13_55_05_130,no0001,dw,FRB20240114A,2025-01-10T12:55:07,60685.53827546297,21:27:40.8028,321.920011508177,04:19:48.1004,4.33002787952038,True,-15.53023,49.495,2_(summed),198.4,1250.15625,1200.3125,1400,0.3125,320,100,1_of_1,0.165,2400,3024193,0.47616,599.9998912,32,1280,320,3072000,768000,0,False,327,60685.545219906155,FRB20240114A_L1_Band_2025_01_10_13_55_05.txt
252,dwi_FRB20240114A_PV_Band_2025_01_10_14_02_06_253,no0001,dw,FRB20240114A,2025-01-10T13:02:07,60685.54313657408,21:27:40.8028,321.920011508177,04:19:48.4000,4.33011112245089,True,-13.24542,49.23156,2_(summed),192.0,410.0625,400.125,1400,0.125,160,20,1_of_1,0.503,2400,1657763,0.4608,318.290496,32,640,160,1536000,384000,0,False,327,60685.54682049186,FRB20240114A_PV_Band_2025_01_10_14_02_06.txt
130,dwi_FRB20240114A_L1_Band_2025_01_10_14_05_07_131,no0001,dw,FRB20240114A,2025-01-10T13:05:08,60685.54523148148,21:27:40.8028,321.920011508177,04:19:48.0005,4.33000013187687,True,-12.25576,49.13079,2_(summed),198.4,1250.15625,1200.3125,1400,0.3125,320,100,1_of_1,0.165,2400,692024,0.47616,137.2975616,32,1280,320,3072000,768000,0,False,327,60685.54682057363,FRB20240114A_L1_Band_2025_01_10_14_05_07.txt
253,dwi_FRB20240114A_PV_Band_2025_01_11_12_41_39_254,no0001,dw,FRB20240114A,2025-01-11T11:41:45,60686.48732638889,21:27:41.0978,321.921240942228,04:19:48.4000,4.33011112245089,True,-36.90886,54.14898,2_(summed),192.0,410.0625,400.125,1400,0.125,160,20,1_of_1,0.503,2400,3125000,0.4608,600.0,32,640,160,1536000,384000,0,False,327,60686.49427083333,FRB20240114A_PV_Band_2025_01_11_12_41_39.txt
131,dwi_FRB20240114A_L1_Band_2025_01_11_12_41_38_132,no0001,dw,FRB20240114A,2025-01-11T11:42:02,60686.48752314815,21:27:41.0978,321.921240942228,04:19:48.4999,4.33013887009439,True,-36.82766,54.12324,2_(summed),198.4,1250.15625,1200.3125,1400,0.3125,320,100,1_of_1,0.165,2400,2938980,0.47616,583.093632,32,1280,320,3072000,768000,0,False,327,60686.494271917036,FRB20240114A_L1_Band_2025_01_11_12_41_38.txt
254,dwi_FRB20240114A_PV_Band_2025_01_11_12_51_45_255,no0001,dw,FRB20240114A,2025-01-11T11:51:46,60686.49428240741,21:27:41.0978,321.921240942228,04:19:48.1004,4.33002787952038,True,-33.99549,53.26937,2_(summed),192.0,410.0625,400.125,1400,0.125,160,20,1_of_1,0.503,2400,3125000,0.4608,600.0,32,640,160,1536000,384000,0,False,327,60686.501226851855,FRB20240114A_PV_Band_2025_01_11_12_51_45.txt
132,dwi_FRB20240114A_L1_Band_2025_01_11_12_52_44_133,no0001,dw,FRB20240114A,2025-01-11T11:52:45,60686.49496527778,21:27:40.9995,321.920831130878,04:19:48.2003,4.33005562716388,True,-33.70595,53.18642,2_(summed),198.4,1250.15625,1200.3125,1400,0.3125,320,100,1_of_1,0.165,2400,3024193,0.47616,599.9998912,32,1280,320,3072000,768000,0,False,327,60686.501909720966,FRB20240114A_L1_Band_2025_01_11_12_52_44.txt
255,dwi_FRB20240114A_PV_Band_2025_01_11_13_01_46_256,no0001,dw,FRB20240114A,2025-01-11T12:01:47,60686.50123842593,21:27:40.9995,321.920831130878,04:19:48.2003,4.33005562716388,True,-31.02001,52.4543,2_(summed),192.0,410.0625,400.125,1400,0.125,160,20,1_of_1,0.503,2400,3125000,0.4608,600.0,32,640,160,1536000,384000,0,False,327,60686.50818287038,FRB20240114A_PV_Band_2025_01_11_13_01_46.txt
133,dwi_FRB20240114A_L1_Band_2025_01_11_13_10_47_134,no0001,dw,FRB20240114A,2025-01-11T12:10:49,60686.50751157408,21:27:40.9995,321.920831130878,04:19:48.0005,4.33000013187687,True,-28.28502,51.77765,2_(summed),198.4,1250.15625,1200.3125,1400,0.3125,320,100,1_of_1,0.165,2400,630181,0.47616,125.0279104,32,1280,320,3072000,768000,0,False,327,60686.50895865637,FRB20240114A_L1_Band_2025_01_11_13_10_47.txt
256,dwi_FRB20240114A_PV_Band_2025_01_11_13_11_47_257,no0001,dw,FRB20240114A,2025-01-11T12:11:48,60686.50819444445,21:27:41.0978,321.921240942228,04:19:48.4000,4.33011112245089,True,-27.98436,51.70742,2_(summed),192.0,410.0625,400.125,1400,0.125,160,20,1_of_1,0.503,2400,3125000,0.4608,600.0,32,640,160,1536000,384000,0,False,327,60686.51513888889,FRB20240114A_PV_Band_2025_01_11_13_11_47.txt
257,dwi_FRB20240114A_PV_Band_2025_01_11_13_21_48_258,no0001,dw,FRB20240114A,2025-01-11T12:21:49,60686.51515046296,21:27:41.0978,321.921240942228,04:19:48.3001,4.33008337480739,True,-24.89139,51.03217,2_(summed),192.0,410.0625,400.125,1400,0.125,160,20,1_of_1,0.503,2400,3125000,0.4608,600.0,32,640,160,1536000,384000,0,False,327,60686.52209490741,FRB20240114A_PV_Band_2025_01_11_13_21_48.txt
258,dwi_FRB20240114A_PV_Band_2025_01_11_13_31_49_259,no0001,dw,FRB20240114A,2025-01-11T12:31:50,60686.52210648148,21:27:41.0978,321.921240942228,04:19:48.1004,4.33002787952038,True,-21.74499,50.43183,2_(summed),192.0,410.0625,400.125,1400,0.125,160,20,1_of_1,0.503,2400,3125000,0.4608,600.0,32,640,160,1536000,384000,0,False,327,60686.52905092593,FRB20240114A_PV_Band_2025_01_11_13_31_49.txt
259,dwi_FRB20240114A_PV_Band_2025_01_11_13_41_50_260,no0001,dw,FRB20240114A,2025-01-11T12:41:51,60686.529062500005,21:27:41.0978,321.921240942228,04:19:48.2003,4.33005562716388,True,-18.5492,49.9094,2_(summed),192.0,410.0625,400.125,1400,0.125,160,20,1_of_1,0.503,2400,3125000,0.4608,600.0,32,640,160,1536000,384000,0,False,327,60686.53600694445,FRB20240114A_PV_Band_2025_01_11_13_41_50.txt
134,dwi_FRB20240114A_L1_Band_2025_01_11_13_45_33_135,no0001,dw,FRB20240114A,2025-01-11T12:45:34,60686.53164351852,21:27:41.0978,321.921240942228,04:19:48.2003,4.33005562716388,True,-17.3519,49.73595,2_(summed),198.4,1250.15625,1200.3125,1400,0.3125,320,100,1_of_1,0.165,2400,3024193,0.47616,599.9998912,32,1280,320,3072000,768000,0,False,327,60686.53858796171,FRB20240114A_L1_Band_2025_01_11_13_45_33.txt
260,dwi_FRB20240114A_PV_Band_2025_01_11_13_51_51_261,no0001,dw,FRB20240114A,2025-01-11T12:51:52,60686.53601851852,21:27:41.0978,321.921240942228,04:19:48.1004,4.33002787952038,True,-15.30968,49.46775,2_(summed),192.0,410.0625,400.125,1400,0.125,160,20,1_of_1,0.503,2400,3125000,0.4608,600.0,32,640,160,1536000,384000,0,False,327,60686.542962962965,FRB20240114A_PV_Band_2025_01_11_13_51_51.txt
135,dwi_FRB20240114A_L1_Band_2025_01_11_13_55_34_136,no0001,dw,FRB20240114A,2025-01-11T12:55:35,60686.53859953704,21:27:41.0978,321.921240942228,04:19:48.0005,4.33000013187687,True,-14.09772,49.32488,2_(summed),198.4,1250.15625,1200.3125,1400,0.3125,320,100,1_of_1,0.165,2400,3024193,0.47616,599.9998912,32,1280,320,3072000,768000,0,False,327,60686.545543980224,FRB20240114A_L1_Band_2025_01_11_13_55_34.txt
261,dwi_FRB20240114A_PV_Band_2025_01_11_14_01_52_262,no0001,dw,FRB20240114A,2025-01-11T13:01:53,60686.542974537035,21:27:41.0978,321.921240942228,04:19:48.0005,4.33000013187687,True,-12.03279,49.10921,2_(summed),192.0,410.0625,400.125,1400,0.125,160,20,1_of_1,0.503,2400,3125000,0.4608,600.0,32,640,160,1536000,384000,0,False,327,60686.54991898148,FRB20240114A_PV_Band_2025_01_11_14_01_52.txt
136,dwi_FRB20240114A_L1_Band_2025_01_11_14_05_35_137,no0001,dw,FRB20240114A,2025-01-11T13:05:36,60686.54555555555,21:27:41.0978,321.921240942228,04:19:48.2003,4.33005562716388,True,-10.80899,48.99774,2_(summed),198.4,1250.15625,1200.3125,1400,0.3125,320,100,1_of_1,0.165,2400,3024193,0.47616,599.9998912,32,1280,320,3072000,768000,0,False,327,60686.55249999874,FRB20240114A_L1_Band_2025_01_11_14_05_35.txt
262,dwi_FRB20240114A_PV_Band_2025_01_11_14_11_53_263,no0001,dw,FRB20240114A,2025-01-11T13:11:54,60686.54993055556,21:27:41.0978,321.921240942228,04:19:48.0005,4.33000013187687,True,-8.725908,48.83594,2_(summed),192.0,410.0625,400.125,1400,0.125,160,20,1_of_1,0.503,2400,3125000,0.4608,600.0,32,640,160,1536000,384000,0,False,327,60686.556875,FRB20240114A_PV_Band_2025_01_11_14_11_53.txt
137,dwi_FRB20240114A_L1_Band_2025_01_11_14_15_36_138,no0001,dw,FRB20240114A,2025-01-11T13:15:37,60686.552511574075,21:27:41.0978,321.921240942228,04:19:48.3001,4.33008337480739,True,-7.492765,48.75657,2_(summed),198.4,1250.15625,1200.3125,1400,0.3125,320,100,1_of_1,0.165,2400,3024193,0.47616,599.9998912,32,1280,320,3072000,768000,0,False,327,60686.55945601726,FRB20240114A_L1_Band_2025_01_11_14_15_36.txt
263,dwi_FRB20240114A_PV_Band_2025_01_11_14_21_54_264,no0001,dw,FRB20240114A,2025-01-11T13:21:55,60686.55688657408,21:27:41.0978,321.921240942228,04:19:48.2003,4.33005562716388,True,-5.396355,48.64943,2_(summed),192.0,410.0625,400.125,1400,0.125,160,20,1_of_1,0.503,2400,3125000,0.4608,600.0,32,640,160,1536000,384000,0,False,327,60686.563831018524,FRB20240114A_PV_Band_2025_01_11_14_21_54.txt
138,dwi_FRB20240114A_L1_Band_2025_01_11_14_25_37_139,no0001,dw,FRB20240114A,2025-01-11T13:25:38,60686.5594675926,21:27:41.0978,321.921240942228,04:19:48.1004,4.33002787952038,True,-4.157085,48.60257,2_(summed),198.4,1250.15625,1200.3125,1400,0.3125,320,100,1_of_1,0.165,2400,3024193,0.47616,599.9998912,32,1280,320,3072000,768000,0,False,327,60686.56641203578,FRB20240114A_L1_Band_2025_01_11_14_25_37.txt
264,dwi_FRB20240114A_PV_Band_2025_01_11_14_31_55_265,no0001,dw,FRB20240114A,2025-01-11T13:31:56,60686.56384259259,21:27:41.0978,321.921240942228,04:19:48.2003,4.33005562716388,True,-2.053032,48.5509,2_(summed),192.0,410.0625,400.125,1400,0.125,160,20,1_of_1,0.503,2400,3125000,0.4608,600.0,32,640,160,1536000,384000,0,False,327,60686.57078703704,FRB20240114A_PV_Band_2025_01_11_14_31_55.txt
139,dwi_FRB20240114A_L1_Band_2025_01_11_14_35_38_140,no0001,dw,FRB20240114A,2025-01-11T13:35:39,60686.56642361111,21:27:41.0978,321.921240942228,04:19:48.0005,4.33000013187687,True,-0.8105795,48.53688,2_(summed),198.4,1250.15625,1200.3125,1400,0.3125,320,100,1_of_1,0.165,2400,2417109,0.47616,479.5544256,32,1280,320,3072000,768000,0,False,327,60686.57197400956,FRB20240114A_L1_Band_2025_01_11_14_35_38.txt
265,dwi_FRB20240114A_PV_Band_2025_01_11_14_41_56_266,no0001,dw,FRB20240114A,2025-01-11T13:41:57,60686.570798611116,21:27:41.0978,321.921240942228,04:19:48.0005,4.33000013187687,True,1.29568,48.54091,2_(summed),192.0,410.0625,400.125,1400,0.125,160,20,1_of_1,0.503,2400,3125000,0.4608,600.0,32,640,160,1536000,384000,0,False,327,60686.57774305556,FRB20240114A_PV_Band_2025_01_11_14_41_56.txt
140,dwi_FRB20240114A_L1_Band_2025_01_11_14_45_42_141,no0001,dw,FRB20240114A,2025-01-11T13:45:43,60686.57341435185,21:27:41.0978,321.921240942228,04:19:48.1004,4.33002787952038,True,2.555051,48.56007,2_(summed),198.4,1250.15625,1200.3125,1400,0.3125,320,100,1_of_1,0.165,2400,3024193,0.47616,599.9998912,32,1280,320,3072000,768000,0,False,327,60686.580358795036,FRB20240114A_L1_Band_2025_01_11_14_45_42.txt
266,dwi_FRB20240114A_PV_Band_2025_01_11_14_51_57_267,no0001,dw,FRB20240114A,2025-01-11T13:51:58,60686.57775462963,21:27:41.0978,321.921240942228,04:19:48.0005,4.33000013187687,True,4.641066,48.61946,2_(summed),192.0,410.0625,400.125,1400,0.125,160,20,1_of_1,0.503,2400,3125000,0.4608,600.0,32,640,160,1536000,384000,0,False,327,60686.584699074076,FRB20240114A_PV_Band_2025_01_11_14_51_57.txt
141,dwi_FRB20240114A_L1_Band_2025_01_11_14_55_43_142,no0001,dw,FRB20240114A,2025-01-11T13:55:44,60686.58037037037,21:27:41.0978,321.921240942228,04:19:48.1004,4.33002787952038,True,5.896598,48.67184,2_(summed),198.4,1250.15625,1200.3125,1400,0.3125,320,100,1_of_1,0.165,2400,3024193,0.47616,599.9998912,32,1280,320,3072000,768000,0,False,327,60686.58731481356,FRB20240114A_L1_Band_2025_01_11_14_55_43.txt
267,dwi_FRB20240114A_PV_Band_2025_01_11_15_01_58_268,no0001,dw,FRB20240114A,2025-01-11T14:01:59,60686.58471064815,21:27:41.0978,321.921240942228,04:19:48.2003,4.33005562716388,True,7.974587,48.78607,2_(summed),192.0,410.0625,400.125,1400,0.125,160,20,1_of_1,0.503,2400,3125000,0.4608,600.0,32,640,160,1536000,384000,0,False,327,60686.5916550926,FRB20240114A_PV_Band_2025_01_11_15_01_58.txt
142,dwi_FRB20240114A_L1_Band_2025_01_11_15_05_44_143,no0001,dw,FRB20240114A,2025-01-11T14:05:45,60686.58732638889,21:27:41.0978,321.921240942228,04:19:48.2003,4.33005562716388,True,9.223003,48.87134,2_(summed),198.4,1250.15625,1200.3125,1400,0.3125,320,100,1_of_1,0.165,2400,3024193,0.47616,599.9998912,32,1280,320,3072000,768000,0,False,327,60686.59427083208,FRB20240114A_L1_Band_2025_01_11_15_05_44.txt
268,dwi_FRB20240114A_PV_Band_2025_01_11_15_11_59_269,no0001,dw,FRB20240114A,2025-01-11T14:12:06.70552e-07,60686.591666666674,21:27:41.0978,321.921240942228,04:19:48.3001,4.33008337480739,True,11.28712,49.03989,2_(summed),192.0,410.0625,400.125,1400,0.125,160,20,1_of_1,0.503,2400,2479218,0.4608,476.009856,32,640,160,1536000,384000,0,False,327,60686.597176040006,FRB20240114A_PV_Band_2025_01_11_15_11_59.txt
143,dwi_FRB20240114A_L1_Band_2025_01_11_15_15_45_144,no0001,dw,FRB20240114A,2025-01-11T14:15:46,60686.59428240741,21:27:41.0978,321.921240942228,04:19:48.0005,4.33000013187687,True,12.52605,49.15758,2_(summed),198.4,1250.15625,1200.3125,1400,0.3125,320,100,1_of_1,0.165,2400,1260168,0.47616,250.0173312,32,1280,320,3072000,768000,0,False,327,60686.59717612652,FRB20240114A_L1_Band_2025_01_11_15_15_45.txt
